ID,Mark,Keep,Location,Pool_1,Pool_2,KG,NK,NG,sp,Sex1,SL1_mm,mass1_gr,surv,Sex2,SL2_mm,mass2_gr,ReleaseDate,Date,Comments_1,Comments_2
CAI-,,0,CAI,1,,0,1,0,Killifish,M,72.79,2.846,,,,,2017-04-05T00:00:00Z,2017-05-03T00:00:00Z,,
CAI-,,0,CAI,1,,0,1,0,Killifish,M,59.54,1.559,,,,,2017-04-05T00:00:00Z,2017-05-03T00:00:00Z,,
CAI-,,0,CAI,1,,0,1,0,Killifish,M,60.51,2.096,,,,,2017-04-05T00:00:00Z,2017-05-03T00:00:00Z,,
CAI-,,0,CAI,1,,0,1,0,Killifish,M,54.47,1.574,,,,,2017-04-05T00:00:00Z,2017-05-03T00:00:00Z,,
CAI-,,0,CAI,1,,0,1,0,Killifish,M,49.65,1.152,,,,,2017-04-05T00:00:00Z,2017-05-03T00:00:00Z,,
CAI-,,0,CAI,1,,0,1,0,Killifish,M,65.14,2.545,,,,,2017-04-05T00:00:00Z,2017-05-03T00:00:00Z,,
CAI-,,0,CAI,1,,0,1,0,Killifish,F,48.53,1.121,,,,,2017-04-05T00:00:00Z,2017-05-03T00:00:00Z,,
CAI-,,0,CAI,1,,0,1,0,Killifish,F,30.17,0.246,,,,,2017-04-05T00:00:00Z,2017-05-03T00:00:00Z,,
CAI-,,0,CAI,1,,0,1,0,Killifish,F,30.45,0.24,,,,,2017-04-05T00:00:00Z,2017-05-03T00:00:00Z,,
CAI-,,0,CAI,1,,0,1,0,Killifish,F,28.08,0.177,,,,,2017-04-05T00:00:00Z,2017-05-03T00:00:00Z,,
CAI-,,0,CAI,1,,0,1,0,Killifish,F,26.79,0.173,,,,,2017-04-05T00:00:00Z,2017-05-03T00:00:00Z,,
CAI-,,0,CAI,1,,0,1,0,Killifish,F,29.93,0.249,,,,,2017-04-05T00:00:00Z,2017-05-03T00:00:00Z,,
CAI-,,0,CAI,1,,0,1,0,Killifish,F,29.3,0.21,,,,,2017-04-05T00:00:00Z,2017-05-03T00:00:00Z,,
CAI-,,0,CAI,1,,0,1,0,Killifish,F,27.53,0.162,,,,,2017-04-05T00:00:00Z,2017-05-03T00:00:00Z,,
CAI-,,0,CAI,1,,0,1,0,Killifish,F,25.46,0.13,,,,,2017-04-05T00:00:00Z,2017-05-03T00:00:00Z,,
CAI-,,0,CAI,1,,0,1,0,Killifish,F,30.45,0.242,,,,,2017-04-05T00:00:00Z,2017-05-03T00:00:00Z,,
CAI-,,0,CAI,1,,0,1,0,Killifish,F,26.17,0.162,,,,,2017-04-05T00:00:00Z,2017-05-03T00:00:00Z,,
CAI-,,0,CAI,1,,0,1,0,Killifish,F,27.72,0.158,,,,,2017-04-05T00:00:00Z,2017-05-03T00:00:00Z,,
CAI-,,0,CAI,1,,0,1,0,Killifish,F,26.02,0.163,,,,,2017-04-05T00:00:00Z,2017-05-03T00:00:00Z,,
CAI-,,0,CAI,1,,0,1,0,Killifish,F,24.99,0.154,,,,,2017-04-05T00:00:00Z,2017-05-03T00:00:00Z,,
CAI-,,0,CAI,1,,0,1,0,Killifish,F,25.14,0.162,,,,,2017-04-05T00:00:00Z,2017-05-03T00:00:00Z,,
CAI-,,0,CAI,1,,0,1,0,Killifish,F,20.68,0.081,,,,,2017-04-05T00:00:00Z,2017-05-03T00:00:00Z,,
CAI-,,0,CAI,1,,0,1,0,Killifish,F,22.9,0.111,,,,,2017-04-05T00:00:00Z,2017-05-03T00:00:00Z,,
CAI-,,0,CAI,1,,0,1,0,Killifish,F,20.03,0.079,,,,,2017-04-05T00:00:00Z,2017-05-03T00:00:00Z,,
CAI-,,0,CAI,1,,0,1,0,Killifish,J,19.48,0.072,,,,,2017-04-05T00:00:00Z,2017-05-03T00:00:00Z,,
CAI-,,0,CAI,1,,0,1,0,Killifish,F,20.55,0.079,,,,,2017-04-05T00:00:00Z,2017-05-03T00:00:00Z,,
CAI-,,0,CAI,1,,0,1,0,Killifish,J,15.88,0.043,,,,,2017-04-05T00:00:00Z,2017-05-03T00:00:00Z,,
CAI-,,0,CAI,1,,0,1,0,Killifish,J,19.98,0.068,,,,,2017-04-05T00:00:00Z,2017-05-03T00:00:00Z,,
CAI-,,0,CAI,1,,0,1,0,Killifish,F,21.09,0.088,,,,,2017-04-05T00:00:00Z,2017-05-03T00:00:00Z,,
CAI-,,0,CAI,1,,0,1,0,Killifish,J,18.02,0.041,,,,,2017-04-05T00:00:00Z,2017-05-03T00:00:00Z,,
CAI-,,0,CAI,1,,0,1,0,Killifish,J,14.98,0.035,,,,,2017-04-05T00:00:00Z,2017-05-03T00:00:00Z,,
CAI-,,0,CAI,1,,0,1,0,Killifish,J,16.25,0.04,,,,,2017-04-05T00:00:00Z,2017-05-03T00:00:00Z,,
CAI-,,0,CAI,1,,0,1,0,Killifish,J,14.16,0.028,,,,,2017-04-05T00:00:00Z,2017-05-03T00:00:00Z,,
CAI-426,,0,CAI,1,1,0,1,0,Killifish,F,,,,F,29.36,0.192,2017-04-05T00:00:00Z,2017-05-03T00:00:00Z,,DEAD
CAI-427,,0,CAI,1,1,0,1,0,Killifish,M,,,,M,63.34,2.373,2017-04-05T00:00:00Z,2017-05-03T00:00:00Z,,DEAD
CAI-428,,0,CAI,1,1,0,1,0,Killifish,M,,,,M,50.92,1.084,2017-04-05T00:00:00Z,2017-05-03T00:00:00Z,,DEAD
CAI-429,,0,CAI,1,1,0,1,0,Killifish,M,,,,M,58.9,1.81,2017-04-05T00:00:00Z,2017-05-03T00:00:00Z,,
CAI-430,,0,CAI,1,1,0,1,0,Killifish,F,,,,F,59.13,1.678,2017-04-05T00:00:00Z,2017-05-03T00:00:00Z,,
CAI-431,,0,CAI,1,1,0,1,0,Killifish,F,,,,F,83.91,5.055,2017-04-05T00:00:00Z,2017-05-03T00:00:00Z,,
CAI-432,,0,CAI,1,1,0,1,0,Killifish,M,,,,M,67.92,3.019,2017-04-05T00:00:00Z,2017-05-03T00:00:00Z,,
CAI-433,,0,CAI,1,1,0,1,0,Killifish,J,,,,J,29,0.2,2017-04-05T00:00:00Z,2017-05-03T00:00:00Z,,
CAI-434,,0,CAI,1,1,0,1,0,Killifish,J,,,,J,15.17,0.032,2017-04-05T00:00:00Z,2017-05-03T00:00:00Z,,
CAI-435,,0,CAI,1,1,0,1,0,Killifish,J,,,,J,15.89,0.034,2017-04-05T00:00:00Z,2017-05-03T00:00:00Z,,
CAI-436,,0,CAI,1,1,0,1,0,Killifish,J,,,,J,26.91,0.152,2017-04-05T00:00:00Z,2017-05-03T00:00:00Z,,
CAI-437,,0,CAI,1,1,0,1,0,Killifish,M,,,,M,30.62,0.183,2017-04-05T00:00:00Z,2017-05-03T00:00:00Z,,
CAI-438,,0,CAI,1,1,0,1,0,Killifish,J,,,,J,25.46,0.084,2017-04-05T00:00:00Z,2017-05-03T00:00:00Z,,
CAI-439,,0,CAI,1,1,0,1,0,Killifish,J,,,,J,27.08,0.122,2017-04-05T00:00:00Z,2017-05-03T00:00:00Z,,
CAI-440,,0,CAI,1,1,0,1,0,Killifish,J,,,,J,24.07,0.095,2017-04-05T00:00:00Z,2017-05-03T00:00:00Z,,
CAI-441,,0,CAI,1,1,0,1,0,Killifish,F,,,,F,38.36,0.473,2017-04-05T00:00:00Z,2017-05-03T00:00:00Z,,
CAI-442,,0,CAI,1,1,0,1,0,Killifish,F,,,,F,37.6,0.427,2017-04-05T00:00:00Z,2017-05-03T00:00:00Z,,
CAI-443,,0,CAI,1,1,0,1,0,Killifish,J,,,,J,20.36,0.069,2017-04-05T00:00:00Z,2017-05-03T00:00:00Z,,
CAI-444,,0,CAI,1,1,0,1,0,Killifish,J,,,,J,19.89,0.066,2017-04-05T00:00:00Z,2017-05-03T00:00:00Z,,
CAI-445,,0,CAI,1,1,0,1,0,Killifish,J,,,,J,21.62,0.089,2017-04-05T00:00:00Z,2017-05-03T00:00:00Z,,
CAI-446,,0,CAI,1,1,0,1,0,Killifish,J,,,,J,25.7,0.151,2017-04-05T00:00:00Z,2017-05-03T00:00:00Z,,
CAI-447,,0,CAI,1,1,0,1,0,Killifish,J,,,,J,20.96,0.073,2017-04-05T00:00:00Z,2017-05-03T00:00:00Z,,
JOE-,,0,JOE,1,,0,1,0,Killifish,M,57.09,1.638,,,,,2017-06-06T00:00:00Z,,,
JOE-,,0,JOE,1,,0,1,0,Killifish,F,60.59,2.165,,,,,2017-06-06T00:00:00Z,,,
JOE-,,0,JOE,1,,0,1,0,Killifish,F,58.81,1.119,,,,,2017-06-06T00:00:00Z,,,
JOE-,,0,JOE,1,,0,1,0,Killifish,M,60.01,1.744,,,,,2017-06-06T00:00:00Z,,,
JOE-,,0,JOE,1,,0,1,0,Killifish,M,63.12,2.257,,,,,2017-06-06T00:00:00Z,,,
JOE-,,0,JOE,1,,0,1,0,Killifish,F,45.01,0.731,,,,,2017-06-06T00:00:00Z,,,
JOE-,,0,JOE,1,,0,1,0,Killifish,M,64.63,2.596,,,,,2017-06-06T00:00:00Z,,,
JOE-,,0,JOE,1,,0,1,0,Killifish,M,66.87,2.839,,,,,2017-06-06T00:00:00Z,,,
JOE-,,0,JOE,1,,0,1,0,Killifish,F,57.65,1.658,,,,,2017-06-06T00:00:00Z,,,
JOE-,,0,JOE,1,,0,1,0,Killifish,F,53.78,1.368,,,,,2017-06-06T00:00:00Z,,,
JOE-,,0,JOE,1,,0,1,0,Killifish,J,31.79,0.269,,,,,2017-06-06T00:00:00Z,,,
JOE-,,0,JOE,1,,0,1,0,Killifish,M,48.71,0.919,,,,,2017-06-06T00:00:00Z,,,
JOE-,,0,JOE,1,,0,1,0,Killifish,F,38.69,0.495,,,,,2017-06-06T00:00:00Z,,,
JOE-,,0,JOE,1,,0,1,0,Killifish,F,31.64,0.262,,,,,2017-06-06T00:00:00Z,,,
JOE-,,0,JOE,1,,0,1,0,Killifish,F,46.83,0.881,,,,,2017-06-06T00:00:00Z,,,
JOE-,,0,JOE,1,,0,1,0,Killifish,M,36.28,0.389,,,,,2017-06-06T00:00:00Z,,,
JOE-,,0,JOE,1,,0,1,0,Killifish,M,59.28,1.887,,,,,2017-06-06T00:00:00Z,,,
JOE-,,0,JOE,1,,0,1,0,Killifish,J,35.02,0.359,,,,,2017-06-06T00:00:00Z,,,
JOE-,,0,JOE,1,,0,1,0,Killifish,M,35.86,0.378,,,,,2017-06-06T00:00:00Z,,,
JOE-,,0,JOE,1,,0,1,0,Killifish,F,39.3,0.516,,,,,2017-06-06T00:00:00Z,,,
JOE-,,0,JOE,1,,0,1,0,Killifish,J,26.18,0.15,,,,,2017-06-06T00:00:00Z,,,
JOE-,,0,JOE,1,,0,1,0,Killifish,J,30.58,0.268,,,,,2017-06-06T00:00:00Z,,,
JOE-,,0,JOE,1,,0,1,0,Killifish,J,30.41,0.258,,,,,2017-06-06T00:00:00Z,,,
JOE-,,0,JOE,1,,0,1,0,Killifish,F,38.53,0.483,,,,,2017-06-06T00:00:00Z,,,
JOE-,,0,JOE,1,,0,1,0,Killifish,M,38.79,0.456,,,,,2017-06-06T00:00:00Z,,,
JOE-,,0,JOE,1,,0,1,0,Killifish,M,31.85,0.286,,,,,2017-06-06T00:00:00Z,,,
JOE-,,0,JOE,1,,0,1,0,Killifish,M,35.18,0.365,,,,,2017-06-06T00:00:00Z,,,
JOE-,,0,JOE,1,,0,1,0,Killifish,M,37.96,0.507,,,,,2017-06-06T00:00:00Z,,,
JOE-,,0,JOE,1,,0,1,0,Killifish,M,33.82,0.322,,,,,2017-06-06T00:00:00Z,,,
JOE-,,0,JOE,1,,0,1,0,Killifish,J,22.58,0.101,,,,,2017-06-06T00:00:00Z,,,
JOE-,,0,JOE,1,,0,1,0,Killifish,J,30.12,0.241,,,,,2017-06-06T00:00:00Z,,,
JOE-,,0,JOE,1,,0,1,0,Killifish,J,27.17,0.182,,,,,2017-06-06T00:00:00Z,,,
JOE-,,0,JOE,1,,0,1,0,Killifish,M,77.71,5.257,,,,,2017-06-06T00:00:00Z,,,
JOE-,,0,JOE,1,,0,1,0,Killifish,F,78.76,4.945,,,,,2017-06-06T00:00:00Z,,,
JOE-704,,0,JOE,1,1,0,1,0,Killifish,M,,,,M,56.15,1.582,2017-07-04T00:00:00Z,2017-07-04T00:00:00Z,,
JOE-705,,0,JOE,1,1,0,1,0,Killifish,M,,,,M,81.78,5.692,2017-07-04T00:00:00Z,2017-07-04T00:00:00Z,,
JOE-706,,0,JOE,1,1,0,1,0,Killifish,M,,,,M,54.13,1.325,2017-07-04T00:00:00Z,2017-07-04T00:00:00Z,,
JOE-707,,0,JOE,1,1,0,1,0,Killifish,M,,,,M,77.36,4.196,2017-07-04T00:00:00Z,2017-07-04T00:00:00Z,,
JOE-708,,0,JOE,1,1,0,1,0,Killifish,F,,,,F,99.9,10.278,2017-07-04T00:00:00Z,2017-07-04T00:00:00Z,,
JOE-709,,0,JOE,1,1,0,1,0,Killifish,M,,,,M,80.49,4.86,2017-07-04T00:00:00Z,2017-07-04T00:00:00Z,,
JOE-710,,0,JOE,1,1,0,1,0,Killifish,F,,,,F,34.31,0.342,2017-07-04T00:00:00Z,2017-07-04T00:00:00Z,,
JOE-711,,0,JOE,1,1,0,1,0,Killifish,J,,,,J,25.55,0.141,2017-07-04T00:00:00Z,2017-07-04T00:00:00Z,,
JOE-712,,0,JOE,1,1,0,1,0,Killifish,M,,,,M,32.8,0.288,2017-07-04T00:00:00Z,2017-07-04T00:00:00Z,,
JOE-713,,0,JOE,1,1,0,1,0,Killifish,J,,,,J,25.83,0.135,2017-07-04T00:00:00Z,2017-07-04T00:00:00Z,,
JOE-714,,0,JOE,1,1,0,1,0,Killifish,F,,,,F,36.29,0.375,2017-07-04T00:00:00Z,2017-07-04T00:00:00Z,,
JOE-715,,0,JOE,1,1,0,1,0,Killifish,F,,,,F,33.17,0.295,2017-07-04T00:00:00Z,2017-07-04T00:00:00Z,,
JOE-716,,0,JOE,1,1,0,1,0,Killifish,F,,,,F,35.44,0.339,2017-07-04T00:00:00Z,2017-07-04T00:00:00Z,,
JOE-717,,0,JOE,1,1,0,1,0,Killifish,M,,,,M,35.92,0.368,2017-07-04T00:00:00Z,2017-07-04T00:00:00Z,,
JOE-718,,0,JOE,1,1,0,1,0,Killifish,F,,,,F,37.82,0.469,2017-07-04T00:00:00Z,2017-07-04T00:00:00Z,,
JOE-719,,0,JOE,1,1,0,1,0,Killifish,M,,,,M,41.15,0.597,2017-07-04T00:00:00Z,2017-07-04T00:00:00Z,,
JOE-720,,0,JOE,1,1,0,1,0,Killifish,F,,,,F,35.38,0.373,2017-07-04T00:00:00Z,2017-07-04T00:00:00Z,,
JOE-721,,0,JOE,1,1,0,1,0,Killifish,F,,,,F,47.65,0.942,2017-07-04T00:00:00Z,2017-07-04T00:00:00Z,,
JOE-722,,0,JOE,1,1,0,1,0,Killifish,F,,,,F,64.14,2.682,2017-07-04T00:00:00Z,2017-07-04T00:00:00Z,,
JOE-723,,0,JOE,1,1,0,1,0,Killifish,F,,,,F,40.65,0.578,2017-07-04T00:00:00Z,2017-07-04T00:00:00Z,,
JOE-724,,0,JOE,1,1,0,1,0,Killifish,F,,,,F,31.79,0.266,2017-07-04T00:00:00Z,2017-07-04T00:00:00Z,,
JOE-725,,0,JOE,1,1,0,1,0,Killifish,F,,,,F,37.35,0.476,2017-07-04T00:00:00Z,2017-07-04T00:00:00Z,,
JOE-726,,0,JOE,1,1,0,1,0,Killifish,F,,,,F,40.55,0.525,2017-07-04T00:00:00Z,2017-07-04T00:00:00Z,,
JOE-727,,0,JOE,1,1,0,1,0,Killifish,F,,,,F,41.58,0.594,2017-07-04T00:00:00Z,2017-07-04T00:00:00Z,,
JOE-728,,0,JOE,1,1,0,1,0,Killifish,F,,,,F,28.26,0.196,2017-07-04T00:00:00Z,2017-07-04T00:00:00Z,,
JOE-729,,0,JOE,1,1,0,1,0,Killifish,F,,,,F,31.46,0.26,2017-07-04T00:00:00Z,2017-07-04T00:00:00Z,,
JOE-752,,0,JOE,1,1,0,1,0,Killifish,F,,,,F,65.51,2.696,2017-07-04T00:00:00Z,2017-07-04T00:00:00Z,,
JOE-753,,0,JOE,1,1,0,1,0,Killifish,F,,,,F,59.87,1.875,2017-07-04T00:00:00Z,2017-07-04T00:00:00Z,,
JOE-754,,0,JOE,1,1,0,1,0,Killifish,F,,,,F,55.63,1.462,2017-07-04T00:00:00Z,2017-07-04T00:00:00Z,,
JOE-755,,0,JOE,1,1,0,1,0,Killifish,F,,,,F,46.29,0.837,2017-07-04T00:00:00Z,2017-07-04T00:00:00Z,,
JOE-756,,0,JOE,1,1,0,1,0,Killifish,M,,,,M,52.36,1.191,2017-07-04T00:00:00Z,2017-07-04T00:00:00Z,,
JOE-757,,0,JOE,1,1,0,1,0,Killifish,F,,,,F,69.14,3.418,2017-07-04T00:00:00Z,2017-07-04T00:00:00Z,,
JOE-758,,0,JOE,1,1,0,1,0,Killifish,J,,,,J,31.6,0.29,2017-07-04T00:00:00Z,2017-07-04T00:00:00Z,,
JOE-759,,0,JOE,1,1,0,1,0,Killifish,F,,,,F,45.99,0.838,2017-07-04T00:00:00Z,2017-07-04T00:00:00Z,,
NAR-,,0,NAR,1,,0,1,0,Killifish,F,45.7,0.877,,,,,2017-04-19T00:00:00Z,2017-05-16T00:00:00Z,,
NAR-,,0,NAR,1,,0,1,0,Killifish,M,53.05,1.258,,,,,2017-04-19T00:00:00Z,2017-05-16T00:00:00Z,,
NAR-,,0,NAR,1,,0,1,0,Killifish,F,59.9,2.028,,,,,2017-04-19T00:00:00Z,2017-05-16T00:00:00Z,,
NAR-,,0,NAR,1,,0,1,0,Killifish,M,42.9,0.656,,,,,2017-04-19T00:00:00Z,2017-05-16T00:00:00Z,,
NAR-,,0,NAR,1,,0,1,0,Killifish,F,45.2,0.836,,,,,2017-04-19T00:00:00Z,2017-05-16T00:00:00Z,,
NAR-,,0,NAR,1,,0,1,0,Killifish,M,39.9,5.26,,,,,2017-04-19T00:00:00Z,2017-05-16T00:00:00Z,,
NAR-,,0,NAR,1,,0,1,0,Killifish,M,42.6,0.635,,,,,2017-04-19T00:00:00Z,2017-05-16T00:00:00Z,,
NAR-,,0,NAR,1,,0,1,0,Killifish,F,44.5,0.776,,,,,2017-04-19T00:00:00Z,2017-05-16T00:00:00Z,,
NAR-,,0,NAR,1,,0,1,0,Killifish,F,61.9,2.103,,,,,2017-04-19T00:00:00Z,2017-05-16T00:00:00Z,,
NAR-,,0,NAR,1,,0,1,0,Killifish,J,34.67,0.331,,,,,2017-04-19T00:00:00Z,2017-05-16T00:00:00Z,,
NAR-,,0,NAR,1,,0,1,0,Killifish,J,28.4,0.188,,,,,2017-04-19T00:00:00Z,2017-05-16T00:00:00Z,,
NAR-,,0,NAR,1,,0,1,0,Killifish,J,33.9,0.328,,,,,2017-04-19T00:00:00Z,2017-05-16T00:00:00Z,,
NAR-,,0,NAR,1,,0,1,0,Killifish,F,49.7,1.073,,,,,2017-04-19T00:00:00Z,2017-05-16T00:00:00Z,,
NAR-,,0,NAR,1,,0,1,0,Killifish,J,29.2,0.201,,,,,2017-04-19T00:00:00Z,2017-05-16T00:00:00Z,,
NAR-,,0,NAR,1,,0,1,0,Killifish,J,25.8,0.155,,,,,2017-04-19T00:00:00Z,2017-05-16T00:00:00Z,,
NAR-,,0,NAR,1,,0,1,0,Killifish,J,30.44,0.226,,,,,2017-04-19T00:00:00Z,2017-05-16T00:00:00Z,,
NAR-,,0,NAR,1,,0,1,0,Killifish,J,29.2,0.194,,,,,2017-04-19T00:00:00Z,2017-05-16T00:00:00Z,,
NAR-,,0,NAR,1,,0,1,0,Killifish,J,27.3,0.155,,,,,2017-04-19T00:00:00Z,2017-05-16T00:00:00Z,,
NAR-,,0,NAR,1,,0,1,0,Killifish,J,34.3,0.379,,,,,2017-04-19T00:00:00Z,2017-05-16T00:00:00Z,,
NAR-,,0,NAR,1,,0,1,0,Killifish,J,25.3,0.142,,,,,2017-04-19T00:00:00Z,2017-05-16T00:00:00Z,,
NAR-,,0,NAR,1,,0,1,0,Killifish,J,23.87,0.11,,,,,2017-04-19T00:00:00Z,2017-05-16T00:00:00Z,,
NAR-,,0,NAR,1,,0,1,0,Killifish,J,25.68,0.147,,,,,2017-04-19T00:00:00Z,2017-05-16T00:00:00Z,,
NAR-,,0,NAR,1,,0,1,0,Killifish,J,12.6,0.021,,,,,2017-04-19T00:00:00Z,2017-05-16T00:00:00Z,,
NAR-,,0,NAR,1,,0,1,0,Killifish,J,32.46,0.257,,,,,2017-04-19T00:00:00Z,2017-05-16T00:00:00Z,,
NAR-,,0,NAR,1,,0,1,0,Killifish,J,18.68,0.057,,,,,2017-04-19T00:00:00Z,2017-05-16T00:00:00Z,,
NAR-,,0,NAR,1,,0,1,0,Killifish,F,41.9,0.628,,,,,2017-04-19T00:00:00Z,2017-05-16T00:00:00Z,,
NAR-,,0,NAR,1,,0,1,0,Killifish,M,35.6,0.356,,,,,2017-04-19T00:00:00Z,2017-05-16T00:00:00Z,,
NAR-,,0,NAR,1,,0,1,0,Killifish,F,43.44,0.735,,,,,2017-04-19T00:00:00Z,2017-05-16T00:00:00Z,,
NAR-,,0,NAR,1,,0,1,0,Killifish,J,30.74,0.233,,,,,2017-04-19T00:00:00Z,2017-05-16T00:00:00Z,,
NAR-,,0,NAR,1,,0,1,0,Killifish,J,24.9,0.126,,,,,2017-04-19T00:00:00Z,2017-05-16T00:00:00Z,,
NAR-,,0,NAR,1,,0,1,0,Killifish,J,23.4,0.101,,,,,2017-04-19T00:00:00Z,2017-05-16T00:00:00Z,,
NAR-,,0,NAR,1,,0,1,0,Killifish,J,28.7,0.205,,,,,2017-04-19T00:00:00Z,2017-05-16T00:00:00Z,,
NAR-,,0,NAR,1,,0,1,0,Killifish,J,25.8,0.145,,,,,2017-04-19T00:00:00Z,2017-05-16T00:00:00Z,,
NAR-,,0,NAR,1,,0,1,0,Killifish,J,27,0.165,,,,,2017-04-19T00:00:00Z,2017-05-16T00:00:00Z,,
NAR-,,0,NAR,1,,0,1,0,Killifish,J,19.41,0.056,,,,,2017-04-19T00:00:00Z,2017-05-16T00:00:00Z,,
NAR-,,0,NAR,1,,0,1,0,Killifish,F,32.2,0.276,,,,,2017-04-19T00:00:00Z,2017-05-16T00:00:00Z,,
NAR-,,0,NAR,1,,0,1,0,Killifish,J,29.5,0.196,,,,,2017-04-19T00:00:00Z,2017-05-16T00:00:00Z,,
NAR-,,0,NAR,1,,0,1,0,Killifish,J,32.7,0.305,,,,,2017-04-19T00:00:00Z,2017-05-16T00:00:00Z,,
NAR-,,0,NAR,1,,0,1,0,Killifish,F,42.5,0.672,,,,,2017-04-19T00:00:00Z,2017-05-16T00:00:00Z,,
NAR-,,0,NAR,1,,0,1,0,Killifish,F,41.3,0.572,,,,,2017-04-19T00:00:00Z,2017-05-16T00:00:00Z,,
NAR-,,0,NAR,1,,0,1,0,Killifish,F,46.7,0.89,,,,,2017-04-19T00:00:00Z,2017-05-16T00:00:00Z,,
NAR-,,0,NAR,1,,0,1,0,Killifish,F,40.8,0.614,,,,,2017-04-19T00:00:00Z,2017-05-16T00:00:00Z,,
NAR-,,0,NAR,1,,0,1,0,Killifish,M,42.33,0.675,,,,,2017-04-19T00:00:00Z,2017-05-16T00:00:00Z,,
NAR-,,0,NAR,1,,0,1,0,Killifish,F,44.63,1.454,,,,,2017-04-19T00:00:00Z,2017-05-16T00:00:00Z,,
NAR-,,0,NAR,1,,0,1,0,Killifish,M,44.56,0.693,,,,,2017-04-19T00:00:00Z,2017-05-16T00:00:00Z,,
NAR-,,0,NAR,1,,0,1,0,Killifish,F,39.5,0.514,,,,,2017-04-19T00:00:00Z,2017-05-16T00:00:00Z,,
NAR-,,0,NAR,1,,0,1,0,Killifish,F,46.7,0.933,,,,,2017-04-19T00:00:00Z,2017-05-16T00:00:00Z,,
NAR-,,0,NAR,1,,0,1,0,Killifish,F,40.9,0.568,,,,,2017-04-19T00:00:00Z,2017-05-16T00:00:00Z,,
NAR-,,0,NAR,1,,0,1,0,Killifish,J,26.5,0.15,,,,,2017-04-19T00:00:00Z,2017-05-16T00:00:00Z,,
NAR-,,0,NAR,1,,0,1,0,Killifish,J,23.1,0.104,,,,,2017-04-19T00:00:00Z,2017-05-16T00:00:00Z,,
NAR-,,0,NAR,1,,0,1,0,Killifish,J,16,0.038,,,,,2017-04-19T00:00:00Z,2017-05-16T00:00:00Z,,
NAR-,,0,NAR,1,,0,1,0,Killifish,J,15.3,0.022,,,,,2017-04-19T00:00:00Z,2017-05-16T00:00:00Z,,
NAR-,,0,NAR,1,,0,1,0,Killifish,J,23.31,0.103,,,,,2017-04-19T00:00:00Z,2017-05-16T00:00:00Z,,
NAR-,,0,NAR,1,,0,1,0,Killifish,J,22.47,0.101,,,,,2017-04-19T00:00:00Z,2017-05-16T00:00:00Z,,
NAR-,,0,NAR,1,,0,1,0,Killifish,J,22.5,0.09,,,,,2017-04-19T00:00:00Z,2017-05-16T00:00:00Z,,
NAR-,,0,NAR,1,,0,1,0,Killifish,J,29.4,0.193,,,,,2017-04-19T00:00:00Z,2017-05-16T00:00:00Z,,
NAR-,,0,NAR,1,,0,1,0,Killifish,J,20.9,0.076,,,,,2017-04-19T00:00:00Z,2017-05-16T00:00:00Z,,
NAR-,,0,NAR,1,,0,1,0,Killifish,J,20.2,0.07,,,,,2017-04-19T00:00:00Z,2017-05-16T00:00:00Z,,
NAR-,,0,NAR,1,,0,1,0,Killifish,J,19,0.086,,,,,2017-04-19T00:00:00Z,2017-05-16T00:00:00Z,,
NAR-,,0,NAR,1,,0,1,0,Killifish,J,28.13,0.181,,,,,2017-04-19T00:00:00Z,2017-05-16T00:00:00Z,,
NAR-,,0,NAR,1,,0,1,0,Killifish,J,13.9,0.031,,,,,2017-04-19T00:00:00Z,2017-05-16T00:00:00Z,,
NAR-,,0,NAR,1,,0,1,0,Killifish,J,15.1,0.026,,,,,2017-04-19T00:00:00Z,2017-05-16T00:00:00Z,,
NAR-603,,0,NAR,1,1,0,1,0,Killifish,J,,,,J,27.81,0.171,2017-04-19T00:00:00Z,2017-05-16T00:00:00Z,,
NAR-604,,0,NAR,1,1,0,1,0,Killifish,F,,,,F,51.37,1.162,2017-04-19T00:00:00Z,2017-05-16T00:00:00Z,,
NAR-605,,0,NAR,1,1,0,1,0,Killifish,F,,,,F,45.17,0.825,2017-04-19T00:00:00Z,2017-05-16T00:00:00Z,,
NAR-606,,0,NAR,1,1,0,1,0,Killifish,F,,,,F,41.76,0.563,2017-04-19T00:00:00Z,2017-05-16T00:00:00Z,,
NAR-607,,0,NAR,1,1,0,1,0,Killifish,J,,,,J,28.74,0.189,2017-04-19T00:00:00Z,2017-05-16T00:00:00Z,,
NAR-608,,0,NAR,1,1,0,1,0,Killifish,J,,,,J,28.84,0.198,2017-04-19T00:00:00Z,2017-05-16T00:00:00Z,,
NAR-609,,0,NAR,1,1,0,1,0,Killifish,J,,,,J,22.3,0.086,2017-04-19T00:00:00Z,2017-05-16T00:00:00Z,,
NAR-610,,0,NAR,1,1,0,1,0,Killifish,J,,,,J,23.71,0.103,2017-04-19T00:00:00Z,2017-05-16T00:00:00Z,,
NAR-611,,0,NAR,1,1,0,1,0,Killifish,J,,,,J,20.57,0.08,2017-04-19T00:00:00Z,2017-05-16T00:00:00Z,,
NAR-612,,0,NAR,1,1,0,1,0,Killifish,J,,,,J,14.51,0.028,2017-04-19T00:00:00Z,2017-05-16T00:00:00Z,,
NAR-613,,0,NAR,1,1,0,1,0,Killifish,M,,,,M,36.14,0.368,2017-04-19T00:00:00Z,2017-05-16T00:00:00Z,,
NAR-614,,0,NAR,1,1,0,1,0,Killifish,F,,,,F,33.43,0.297,2017-04-19T00:00:00Z,2017-05-16T00:00:00Z,,
NAR-615,,0,NAR,1,1,0,1,0,Killifish,J,,,,J,26.51,0.146,2017-04-19T00:00:00Z,2017-05-16T00:00:00Z,,
NAR-616,,0,NAR,1,1,0,1,0,Killifish,J,,,,J,34.51,0.338,2017-04-19T00:00:00Z,2017-05-16T00:00:00Z,,
NAR-617,,0,NAR,1,1,0,1,0,Killifish,J,,,,J,33.95,0.334,2017-04-19T00:00:00Z,2017-05-16T00:00:00Z,,
NAR-618,,0,NAR,1,1,0,1,0,Killifish,J,,,,J,33.7,0.323,2017-04-19T00:00:00Z,2017-05-16T00:00:00Z,,
NAR-619,,0,NAR,1,1,0,1,0,Killifish,J,,,,J,33.2,0.318,2017-04-19T00:00:00Z,2017-05-16T00:00:00Z,,
NAR-620,,0,NAR,1,1,0,1,0,Killifish,J,,,,J,31.17,0.246,2017-04-19T00:00:00Z,2017-05-16T00:00:00Z,,
NAR-621,,0,NAR,1,1,0,1,0,Killifish,J,,,,J,33.05,0.294,2017-04-19T00:00:00Z,2017-05-16T00:00:00Z,,
NAR-622,,0,NAR,1,1,0,1,0,Killifish,M,,,,M,35.35,0.401,2017-04-19T00:00:00Z,2017-05-16T00:00:00Z,,
NAR-623,,0,NAR,1,1,0,1,0,Killifish,M,,,,M,32.41,0.297,2017-04-19T00:00:00Z,2017-05-16T00:00:00Z,,
NAR-624,,0,NAR,1,1,0,1,0,Killifish,J,,,,J,34.81,0.366,2017-04-19T00:00:00Z,2017-05-16T00:00:00Z,,
NAR-625,,0,NAR,1,1,0,1,0,Killifish,J,,,,J,25.38,0.135,2017-04-19T00:00:00Z,2017-05-16T00:00:00Z,,
NAR-626,,0,NAR,1,1,0,1,0,Killifish,J,,,,J,23.15,0.105,2017-04-19T00:00:00Z,2017-05-16T00:00:00Z,,
NAR-627,,0,NAR,1,1,0,1,0,Killifish,M,,,,M,48.78,0.956,2017-04-19T00:00:00Z,2017-05-16T00:00:00Z,,
NAR-628,,0,NAR,1,1,0,1,0,Killifish,J,,,,J,22.91,0.102,2017-04-19T00:00:00Z,2017-05-16T00:00:00Z,,
NAR-629,,0,NAR,1,1,0,1,0,Killifish,J,,,,J,32.08,0.263,2017-04-19T00:00:00Z,2017-05-16T00:00:00Z,,
NAR-630,,0,NAR,1,1,0,1,0,Killifish,J,,,,J,24.86,0.122,2017-04-19T00:00:00Z,2017-05-16T00:00:00Z,,
NAR-631,,0,NAR,1,1,0,1,0,Killifish,J,,,,J,23.34,0.098,2017-04-19T00:00:00Z,2017-05-16T00:00:00Z,,
NAR-632,,0,NAR,1,1,0,1,0,Killifish,M,,,,M,32.99,0.3,2017-04-19T00:00:00Z,2017-05-16T00:00:00Z,,
NAR-633,,0,NAR,1,1,0,1,0,Killifish,J,,,,J,25.29,0.13,2017-04-19T00:00:00Z,2017-05-16T00:00:00Z,,
NAR-634,,0,NAR,1,1,0,1,0,Killifish,J,,,,J,33.43,0.319,2017-04-19T00:00:00Z,2017-05-16T00:00:00Z,,
NAR-635,,0,NAR,1,1,0,1,0,Killifish,F,,,,F,36.1,0.388,2017-04-19T00:00:00Z,2017-05-16T00:00:00Z,,
NAR-636,,0,NAR,1,1,0,1,0,Killifish,F,,,,F,36.16,0.407,2017-04-19T00:00:00Z,2017-05-16T00:00:00Z,,
NAR-637,,0,NAR,1,1,0,1,0,Killifish,M,,,,M,32.57,0.282,2017-04-19T00:00:00Z,2017-05-16T00:00:00Z,,
NAR-638,,0,NAR,1,1,0,1,0,Killifish,J,,,,J,30.78,0.237,2017-04-19T00:00:00Z,2017-05-16T00:00:00Z,,
NAR-639,,0,NAR,1,1,0,1,0,Killifish,F,,,,F,32.9,0.285,2017-04-19T00:00:00Z,2017-05-16T00:00:00Z,,
NAR-640,,0,NAR,1,1,0,1,0,Killifish,F,,,,F,34.33,0.34,2017-04-19T00:00:00Z,2017-05-16T00:00:00Z,,
NAR-671,,0,NAR,1,1,0,1,0,Killifish,F,,,,F,68.72,3.489,2017-04-19T00:00:00Z,2017-05-16T00:00:00Z,,
NAR-672,,0,NAR,1,1,0,1,0,Killifish,F,,,,F,55.91,1.59,2017-04-19T00:00:00Z,2017-05-16T00:00:00Z,,
NAR-673,,0,NAR,1,1,0,1,0,Killifish,F,,,,F,68.16,2.967,2017-04-19T00:00:00Z,2017-05-16T00:00:00Z,,
NAR-674,,0,NAR,1,1,0,1,0,Killifish,M,,,,M,68.61,2.758,2017-04-19T00:00:00Z,2017-05-16T00:00:00Z,,
NAR-675,,0,NAR,1,1,0,1,0,Killifish,M,,,,M,55.57,1.56,2017-04-19T00:00:00Z,2017-05-16T00:00:00Z,,
NAR-676,,0,NAR,1,1,0,1,0,Killifish,M,,,,M,54.53,1.539,2017-04-19T00:00:00Z,2017-05-16T00:00:00Z,,
NAR-677,,0,NAR,1,1,0,1,0,Killifish,M,,,,M,41.43,0.595,2017-04-19T00:00:00Z,2017-05-16T00:00:00Z,,
NAR-678,,0,NAR,1,1,0,1,0,Killifish,F,,,,F,33.57,0.333,2017-04-19T00:00:00Z,2017-05-16T00:00:00Z,,
NAR-679,,0,NAR,1,1,0,1,0,Killifish,M,,,,M,42.23,0.606,2017-04-19T00:00:00Z,2017-05-16T00:00:00Z,,
NAR-680,,0,NAR,1,1,0,1,0,Killifish,,,,,,39.79,0.522,2017-04-19T00:00:00Z,2017-05-16T00:00:00Z,,
NAR-681,,0,NAR,1,1,0,1,0,Killifish,J,,,,J,30.88,0.237,2017-04-19T00:00:00Z,2017-05-16T00:00:00Z,,
NAR-682,,0,NAR,1,1,0,1,0,Killifish,,,,,,40.03,0.528,2017-04-19T00:00:00Z,2017-05-16T00:00:00Z,,
NAR-683,,0,NAR,1,1,0,1,0,Killifish,J,,,,J,31.52,0.271,2017-04-19T00:00:00Z,2017-05-16T00:00:00Z,,
NAR-684,,0,NAR,1,1,0,1,0,Killifish,J,,,,J,20,0.067,2017-04-19T00:00:00Z,2017-05-16T00:00:00Z,,
NAR-685,,0,NAR,1,1,0,1,0,Killifish,J,,,,J,27,0.155,2017-04-19T00:00:00Z,2017-05-16T00:00:00Z,,
NAR-686,,0,NAR,1,1,0,1,0,Killifish,J,,,,J,17.66,0.043,2017-04-19T00:00:00Z,2017-05-16T00:00:00Z,,
NAR-687,,0,NAR,1,1,0,1,0,Killifish,J,,,,J,24,0.106,2017-04-19T00:00:00Z,2017-05-16T00:00:00Z,,
NAR-688,,0,NAR,1,1,0,1,0,Killifish,J,,,,J,24.43,0.12,2017-04-19T00:00:00Z,2017-05-16T00:00:00Z,,
NAR-689,,0,NAR,1,1,0,1,0,Killifish,J,,,,J,16.88,0.038,2017-04-19T00:00:00Z,2017-05-16T00:00:00Z,,
QUA-1B3B,1B3B,1,QUA,1,1,1,0,0,Killifish,M,43.28,0.63,1,M,45.12,0.767,2017-04-11T00:00:00Z,2017-05-10T00:00:00Z,,
QUA-1R3R,1R3R,1,QUA,1,1,1,0,0,Killifish,F,42.94,0.64,1,F,45.47,0.831,2017-04-11T00:00:00Z,2017-05-10T00:00:00Z,,
QUA-1R7R,1R7R,1,QUA,1,1,1,0,0,Killifish,M,36.85,0.36,1,M,38.97,0.465,2017-04-11T00:00:00Z,2017-05-10T00:00:00Z,,
QUA-1B7B,1B7B,1,QUA,1,1,1,0,0,Killifish,M,33.31,0.33,1,M,36.19,0.432,2017-04-11T00:00:00Z,2017-05-10T00:00:00Z,,
QUA-3R5R,3R5R,1,QUA,1,1,1,0,0,Killifish,M,35.33,0.34,1,M,36.41,0.408,2017-04-11T00:00:00Z,2017-05-10T00:00:00Z,,
QUA-3R7R,3R7R,1,QUA,1,1,1,0,0,Killifish,F,34.8,0.33,1,F,36.71,0.473,2017-04-11T00:00:00Z,2017-05-10T00:00:00Z,,
QUA-1G3G,1G3G,1,QUA,1,1,1,0,0,Killifish,M,42.3,0.58,1,M,42,0.613,2017-04-11T00:00:00Z,2017-05-10T00:00:00Z,,
QUA-1G5G,1G5G,1,QUA,1,1,1,0,0,Killifish,M,48.79,1.02,1,M,49.06,1.025,2017-04-11T00:00:00Z,2017-05-10T00:00:00Z,,
QUA-1V3V,1V3V,1,QUA,1,1,1,0,0,Killifish,F,48.57,0.93,1,F,50.64,1.127,2017-04-11T00:00:00Z,2017-05-10T00:00:00Z,,
QUA-1V5V,1V5V,1,QUA,1,1,1,0,0,Killifish,F,40.25,0.54,1,F,39.19,0.502,2017-04-11T00:00:00Z,2017-05-10T00:00:00Z,,
QUA-1V7V,1V7V,1,QUA,1,1,1,0,0,Killifish,F,40.77,0.54,1,F,41.95,0.583,2017-04-11T00:00:00Z,2017-05-10T00:00:00Z,,
QUA-5R,5R,1,QUA,1,1,1,0,0,Killifish,J,22.31,0.09,1,J,27.28,0.178,2017-04-11T00:00:00Z,2017-05-10T00:00:00Z,,
QUA-3V5V,3V5V,1,QUA,1,1,1,0,0,Killifish,M,34.17,0.31,1,M,35.74,0.394,2017-04-11T00:00:00Z,2017-05-10T00:00:00Z,,
QUA-1P3P,1P3P,1,QUA,1,1,1,0,0,Killifish,M,49.34,1.02,1,M,50.12,1.059,2017-04-11T00:00:00Z,2017-05-10T00:00:00Z,1p small,
QUA-3P5P,3P5P,1,QUA,1,1,1,0,0,Killifish,M,55.44,1.36,1,M,55.11,1.428,2017-04-11T00:00:00Z,2017-05-10T00:00:00Z,,
QUA-3P7P,3P7P,1,QUA,1,1,1,0,0,Killifish,F,48.02,0.95,1,F,48.18,0.95,2017-04-11T00:00:00Z,2017-05-10T00:00:00Z,,
QUA-5P7P,5P7P,1,QUA,1,1,1,0,0,Killifish,F,41.04,0.53,1,F,43.12,0.681,2017-04-11T00:00:00Z,2017-05-10T00:00:00Z,5p+7p close together,
QUA-3B5B,3B5B,1,QUA,1,1,1,0,0,Killifish,M,47.8,0.96,1,M,49.5,1.017,2017-04-11T00:00:00Z,2017-05-10T00:00:00Z,,
QUA-5B7B,5B7B,1,QUA,1,1,1,0,0,Killifish,M,49.47,1.07,1,M,50,1.143,2017-04-11T00:00:00Z,2017-05-10T00:00:00Z,,
QUA-1Y3Y,1Y3Y,1,QUA,1,1,1,0,0,Killifish,F,89.45,6.51,1,F,89.33,6.448,2017-04-11T00:00:00Z,2017-05-10T00:00:00Z,3y difficult to see,
QUA-1Y5Y,1Y5Y,1,QUA,1,1,1,0,0,Killifish,F,49.65,0.97,1,F,50.39,1.034,2017-04-11T00:00:00Z,2017-05-10T00:00:00Z,,
QUA-1Y7Y,1Y7Y,1,QUA,1,1,1,0,0,Killifish,F,81.45,5.05,1,F,81.11,5.071,2017-04-11T00:00:00Z,2017-05-10T00:00:00Z,,
QUA-3Y5Y,3Y5Y,1,QUA,1,1,1,0,0,Killifish,F,51.32,1.11,1,F,51.62,1.162,2017-04-11T00:00:00Z,2017-05-10T00:00:00Z,,
QUA-3Y7Y,3Y7Y,1,QUA,1,1,1,0,0,Killifish,F,68.38,3.02,1,F,68.16,2.863,2017-04-11T00:00:00Z,2017-05-10T00:00:00Z,3y difficult to see,
QUA-5Y7Y,5Y7Y,1,QUA,1,1,1,0,0,Killifish,M,53.75,1.32,1,M,53.6,1.3,2017-04-11T00:00:00Z,2017-05-10T00:00:00Z,,
QUA-1P3O,1P3O,1,QUA,1,1,1,0,0,Killifish,F,51.74,1.14,1,F,51.5,1.167,2017-04-11T00:00:00Z,2017-05-10T00:00:00Z,,
QUA-3G5G,3G5G,1,QUA,1,1,1,0,0,Killifish,F,51.89,1.2,1,F,52.9,1.248,2017-04-11T00:00:00Z,2017-05-10T00:00:00Z,,
QUA-1G,1G,1,QUA,1,1,1,0,0,Killifish,J,16.51,0.04,1,J,18.32,0.049,2017-04-11T00:00:00Z,2017-05-10T00:00:00Z,? POOL,
QUA-5O7O,5O7O,1,QUA,1,1,1,0,0,Killifish,J,23.79,0.09,1,J,26.79,0.155,2017-04-11T00:00:00Z,2017-05-10T00:00:00Z,? POOL,
QUA-1R5R,1R5R,1,QUA,1,,1,0,0,Killifish,F,37.49,0.43,0,,,,2017-04-11T00:00:00Z,2017-05-10T00:00:00Z,,
QUA-1B5B,1B5B,1,QUA,1,,1,0,0,Killifish,M,41.23,0.5,0,,,,2017-04-11T00:00:00Z,2017-05-10T00:00:00Z,,
QUA-5R7R,5R7R,1,QUA,1,,1,0,0,Killifish,M,47.96,0.96,0,,,,2017-04-11T00:00:00Z,2017-05-10T00:00:00Z,,
QUA-1G7G,1G7G,1,QUA,1,,1,0,0,Killifish,F,38.81,0.51,0,,,,2017-04-11T00:00:00Z,2017-05-10T00:00:00Z,DEAD,
QUA-1R,1R,1,QUA,1,,1,0,0,Killifish,F,26.09,0.14,0,,,,2017-04-11T00:00:00Z,2017-05-10T00:00:00Z,,
QUA-3R,3R,1,QUA,1,,1,0,0,Killifish,J,18.04,0.04,0,,,,2017-04-11T00:00:00Z,2017-05-10T00:00:00Z,,
QUA-3B,3B,1,QUA,1,,1,0,0,Killifish,J,18.41,0.02,0,,,,2017-04-11T00:00:00Z,2017-05-10T00:00:00Z,,
QUA-1P,1P,1,QUA,1,,1,0,0,Killifish,J,20.3,0.07,0,,,,2017-04-11T00:00:00Z,2017-05-10T00:00:00Z,,
QUA-3P,3P,1,QUA,1,,1,0,0,Killifish,J,19.54,0.05,0,,,,2017-04-11T00:00:00Z,2017-05-10T00:00:00Z,,
QUA-1P5P,1P5P,1,QUA,1,,1,0,0,Killifish,M,53.93,1.31,0,,,,2017-04-11T00:00:00Z,2017-05-10T00:00:00Z,1p small,
QUA-1P7P,1P7P,1,QUA,1,,1,0,0,Killifish,F,72,3.38,0,,,,2017-04-11T00:00:00Z,2017-05-10T00:00:00Z,,
QUA-1S3S5B,1S3S5B,1,QUA,1,,1,0,0,Killifish,M,63.52,1.91,0,,,,2017-04-11T00:00:00Z,2017-05-10T00:00:00Z,1s3s faint,
QUA-3B7B,3B7B,1,QUA,1,,1,0,0,Killifish,F,55.65,1.35,0,,,,2017-04-11T00:00:00Z,2017-05-10T00:00:00Z,,
QUA-460,,0,QUA,1,1,1,0,0,Killifish,J,,,,J,24.49,0.098,2017-04-11T00:00:00Z,2017-05-10T00:00:00Z,,
QUA-461,,0,QUA,1,1,1,0,0,Killifish,J,,,,J,29.66,0.186,2017-04-11T00:00:00Z,2017-05-10T00:00:00Z,,
QUA-462,,0,QUA,1,1,1,0,0,Killifish,J,,,,J,26.59,0.149,2017-04-11T00:00:00Z,2017-05-10T00:00:00Z,,
QUA-463,,0,QUA,1,1,1,0,0,Killifish,F,,,,F,55.65,1.606,2017-04-11T00:00:00Z,2017-05-10T00:00:00Z,,
QUA-464,,0,QUA,1,1,1,0,0,Killifish,J,,,,J,25.91,0.153,2017-04-11T00:00:00Z,2017-05-10T00:00:00Z,,
QUA-465,,0,QUA,1,1,1,0,0,Killifish,F,,,,F,43.06,0.664,2017-04-11T00:00:00Z,2017-05-10T00:00:00Z,,
QUA-466,,0,QUA,1,1,1,0,0,Killifish,M,,,,M,45.13,0.797,2017-04-11T00:00:00Z,2017-05-10T00:00:00Z,,
QUA-467,,0,QUA,1,1,1,0,0,Killifish,M,,,,M,60.73,1.778,2017-04-11T00:00:00Z,2017-05-10T00:00:00Z,,
QUA-468,,0,QUA,1,1,1,0,0,Killifish,M,,,,M,55.14,1.342,2017-04-11T00:00:00Z,2017-05-10T00:00:00Z,,
QUA-469,,0,QUA,1,1,1,0,0,Killifish,M,,,,M,45.47,0.784,2017-04-11T00:00:00Z,2017-05-10T00:00:00Z,,
QUA-470,,0,QUA,1,1,1,0,0,Killifish,M,,,,M,30.39,0.219,2017-04-11T00:00:00Z,2017-05-10T00:00:00Z,,
QUA-471,,0,QUA,1,1,1,0,0,Killifish,M,,,,M,36.25,0.429,2017-04-11T00:00:00Z,2017-05-10T00:00:00Z,,
QUA-472,,0,QUA,1,1,1,0,0,Killifish,J,,,,J,31.98,0.264,2017-04-11T00:00:00Z,2017-05-10T00:00:00Z,,
QUA-473,,0,QUA,1,1,1,0,0,Killifish,F,,,,F,32.95,0.32,2017-04-11T00:00:00Z,2017-05-10T00:00:00Z,,
QUA-474,,0,QUA,1,1,1,0,0,Killifish,F,,,,F,39.24,0.539,2017-04-11T00:00:00Z,2017-05-10T00:00:00Z,,
QUA-475,,0,QUA,1,1,1,0,0,Killifish,F,,,,F,38.59,0.512,2017-04-11T00:00:00Z,2017-05-10T00:00:00Z,,
QUA-476,,0,QUA,1,1,1,0,0,Killifish,M,,,,M,42.38,0.657,2017-04-11T00:00:00Z,2017-05-10T00:00:00Z,,
QUA-477,,0,QUA,1,1,1,0,0,Killifish,M,,,,M,43.98,0.734,2017-04-11T00:00:00Z,2017-05-10T00:00:00Z,,
QUA-478,,0,QUA,1,1,1,0,0,Killifish,J,,,,J,20.23,0.067,2017-04-11T00:00:00Z,2017-05-10T00:00:00Z,,
QUA-479,,0,QUA,1,1,1,0,0,Killifish,J,,,,J,21.24,0.074,2017-04-11T00:00:00Z,2017-05-10T00:00:00Z,,
QUA-480,,0,QUA,1,1,1,0,0,Killifish,J,,,,J,24.05,0.103,2017-04-11T00:00:00Z,2017-05-10T00:00:00Z,,
QUA-481,,0,QUA,1,1,1,0,0,Killifish,M,,,,M,66.06,2.503,2017-04-11T00:00:00Z,2017-05-10T00:00:00Z,,
QUA-482,,0,QUA,1,1,1,0,0,Killifish,F,,,,F,61.84,1.895,2017-04-11T00:00:00Z,2017-05-10T00:00:00Z,,
QUA-483,,0,QUA,1,1,1,0,0,Killifish,M,,,,M,75.08,3.814,2017-04-11T00:00:00Z,2017-05-10T00:00:00Z,,
QUA-484,,0,QUA,1,1,1,0,0,Killifish,J,,,,J,15.21,0.036,2017-04-11T00:00:00Z,2017-05-10T00:00:00Z,,
QUA-485,,0,QUA,1,1,1,0,0,Killifish,J,,,,J,25.26,0.125,2017-04-11T00:00:00Z,2017-05-10T00:00:00Z,,
QUA-486,,0,QUA,1,1,1,0,0,Killifish,J,,,,J,20.36,0.066,2017-04-11T00:00:00Z,2017-05-10T00:00:00Z,,
QUA-487,,0,QUA,1,1,1,0,0,Killifish,J,,,,J,18.56,0.052,2017-04-11T00:00:00Z,2017-05-10T00:00:00Z,,
QUA-488,,0,QUA,1,1,1,0,0,Killifish,J,,,,J,14.75,0.027,2017-04-11T00:00:00Z,2017-05-10T00:00:00Z,,
QUA-489,,0,QUA,1,1,1,0,0,Killifish,J,,,,J,17.3,0.037,2017-04-11T00:00:00Z,2017-05-10T00:00:00Z,,
QUA-490,,0,QUA,1,1,1,0,0,Killifish,J,,,,J,21.35,0.069,2017-04-11T00:00:00Z,2017-05-10T00:00:00Z,,
QUA-491,,0,QUA,1,1,1,0,0,Killifish,J,,,,J,22.32,0.086,2017-04-11T00:00:00Z,2017-05-10T00:00:00Z,,
QUA-492,,0,QUA,1,1,1,0,0,Killifish,J,,,,J,24.71,0.123,2017-04-11T00:00:00Z,2017-05-10T00:00:00Z,,
QUA-493,,0,QUA,1,1,1,0,0,Killifish,J,,,,J,23.5,0.11,2017-04-11T00:00:00Z,2017-05-10T00:00:00Z,,
QUA-494,,0,QUA,1,1,1,0,0,Killifish,J,,,,J,14.3,0.024,2017-04-11T00:00:00Z,2017-05-10T00:00:00Z,,
QUA-495,,0,QUA,1,1,1,0,0,Killifish,J,,,,J,19.11,0.052,2017-04-11T00:00:00Z,2017-05-10T00:00:00Z,,
QUA-496,,0,QUA,1,1,1,0,0,Killifish,J,,,,J,20.4,0.068,2017-04-11T00:00:00Z,2017-05-10T00:00:00Z,,
CAI-1R3R5R,1R3R5R,1,CAI,2,2,0,0,1,Killifish,F,81,4,1,F,81.45,3.993,2017-04-05T00:00:00Z,2017-05-03T00:00:00Z,,
CAI-1R3R5B,1R3R5B,1,CAI,2,2,0,0,1,Killifish,F,62.45,1.6771,1,F,62.26,1.405,2017-04-05T00:00:00Z,2017-05-03T00:00:00Z,,
CAI-1R3R5O,1R3R5O,1,CAI,2,2,0,0,1,Killifish,F,80.82,5.168,1,F,81.43,5.163,2017-04-05T00:00:00Z,2017-05-03T00:00:00Z,,
CAI-1B3R5B,1B3R5B,1,CAI,2,2,0,0,1,Killifish,M,59.19,2.082,1,M,60.99,2.251,2017-04-05T00:00:00Z,2017-05-03T00:00:00Z,1B HARD TO SEE,
CAI-1B3R5R,1B3R5R,1,CAI,2,2,0,0,1,Killifish,F,51.63,1.077,1,F,53.72,1.357,2017-04-05T00:00:00Z,2017-05-03T00:00:00Z,,
CAI-1B5B,1B5B,1,CAI,2,2,0,0,1,Killifish,J,31.28,0.273,1,M,32.74,0.287,2017-04-05T00:00:00Z,2017-05-03T00:00:00Z,,
CAI-1G3G,1G3G,1,CAI,2,3,0,0,1,Killifish,J,30.3,0.222,1,J,29.56,0.152,2017-04-05T00:00:00Z,2017-05-03T00:00:00Z,,
CAI-1B,1B,1,CAI,2,2,0,0,1,Killifish,J,21.25,0.068,1,F,32.18,0.273,2017-04-05T00:00:00Z,2017-05-03T00:00:00Z,,
CAI-1G,1G,1,CAI,2,2,0,0,1,Killifish,J,20.47,0.07,1,J,23.86,0.098,2017-04-05T00:00:00Z,2017-05-03T00:00:00Z,,
CAI-1R3G,1R3G,1,CAI,2,3,0,0,1,Killifish,J,22.94,0.087,1,J,26.15,0.258,2017-04-05T00:00:00Z,2017-05-03T00:00:00Z,,
CAI-1R3R5G,1R3R5G,1,CAI,2,,0,0,1,Killifish,M,79.13,4.827,0,,,,2017-04-05T00:00:00Z,2017-05-03T00:00:00Z,5G small,
CAI-1R3R5Y,1R3R5Y,1,CAI,2,,0,0,1,Killifish,M,67.11,2.485,0,,,,2017-04-05T00:00:00Z,2017-05-03T00:00:00Z,5Y small,
CAI-1R3R5P,1R3R5P,1,CAI,2,,0,0,1,Killifish,M,82.06,4.911,0,,,,2017-04-05T00:00:00Z,2017-05-03T00:00:00Z,,
CAI-1R3R5W,1R3R5W,1,CAI,2,,0,0,1,Killifish,M,67.14,2.886,0,,,,2017-04-05T00:00:00Z,2017-05-03T00:00:00Z,,
CAI-1B3B,1B3B,1,CAI,2,,0,0,1,Killifish,F,43.78,0.747,0,,,,2017-04-05T00:00:00Z,2017-05-03T00:00:00Z,VERY CLOSE,
CAI-3G,3G,1,CAI,2,,0,0,1,Killifish,J,16.46,0.028,0,,,,2017-04-05T00:00:00Z,2017-05-03T00:00:00Z,,
CAI-1R,1R,1,CAI,2,,0,0,1,Killifish,J,12.41,0.015,0,,,,2017-04-05T00:00:00Z,2017-05-03T00:00:00Z,,
CAI-448,,0,CAI,2,2,0,0,1,Killifish,F,,,,F,68.97,2.682,2017-04-05T00:00:00Z,2017-05-03T00:00:00Z,,
CAI-449,,0,CAI,2,2,0,0,1,Killifish,F,,,,F,47.42,0.944,2017-04-05T00:00:00Z,2017-05-03T00:00:00Z,,
CAI-450,,0,CAI,2,2,0,0,1,Killifish,J,,,,J,26.48,0.145,2017-04-05T00:00:00Z,2017-05-03T00:00:00Z,,
CAI-451,,0,CAI,2,2,0,0,1,Killifish,M,,,,M,53.89,1.168,2017-04-05T00:00:00Z,2017-05-03T00:00:00Z,,
CAI-452,,0,CAI,2,2,0,0,1,Killifish,J,,,,J,12.38,0.014,2017-04-05T00:00:00Z,2017-05-03T00:00:00Z,,
CAI-453,,0,CAI,2,2,0,0,1,Killifish,J,,,,J,23.42,0.101,2017-04-05T00:00:00Z,2017-05-03T00:00:00Z,,
CAI-454,,0,CAI,2,2,0,0,1,Killifish,J,,,,J,27.7,0.162,2017-04-05T00:00:00Z,2017-05-03T00:00:00Z,,
CAI-455,,0,CAI,2,2,0,0,1,Killifish,J,,,,J,26.92,0.165,2017-04-05T00:00:00Z,2017-05-03T00:00:00Z,,
JOE-1B9R,1B9R,1,JOE,2,2,1,0,0,Killifish,M,79.62,4.909,1,M,81.04,5.283,2017-06-06T00:00:00Z,,,
JOE-5B9R,5B9R,1,JOE,2,2,1,0,0,Killifish,J,35.21,0.385,1,F,47.41,0.974,2017-06-06T00:00:00Z,,,
JOE-7B9R,7B9R,0,JOE,2,2,1,0,0,Killifish,J,33.92,0.336,1,F,56.67,1.744,2017-06-06T00:00:00Z,,,
JOE-7O9R,7O9R,1,JOE,2,2,1,0,0,Killifish,F,62.09,2.156,1,F,69.63,3.222,2017-06-06T00:00:00Z,,,
JOE-7R9G,7R9G,1,JOE,2,,1,0,0,Killifish,M,37.55,0.424,0,,,,2017-06-06T00:00:00Z,,,
JOE-1O7R,1O7R,1,JOE,2,,1,0,0,Killifish,F,46.94,0.94,0,,,,2017-06-06T00:00:00Z,,,
JOE-3O7R,3O7R,1,JOE,2,,1,0,0,Killifish,M,47.94,0.931,0,,,,2017-06-06T00:00:00Z,,,
JOE-5O7R,5O7R,1,JOE,2,,1,0,0,Killifish,M,44.48,0.73,0,,,,2017-06-06T00:00:00Z,,,
JOE-1B7R9O,1B7R9O,1,JOE,2,,1,0,0,Killifish,F,56.58,1.536,0,,,,2017-06-06T00:00:00Z,,,
JOE-3B9R,3B9R,1,JOE,2,,1,0,0,Killifish,J,23.93,0.11,0,,,,2017-06-06T00:00:00Z,,,
JOE-1G9R,1G9R,1,JOE,2,,1,0,0,Killifish,M,41.9,0.65,0,,,,2017-06-06T00:00:00Z,,,
JOE-3G9R,3G9R,1,JOE,2,,1,0,0,Killifish,M,46.64,0.877,0,,,,2017-06-06T00:00:00Z,,,
JOE-5G9R,5G9R,1,JOE,2,,1,0,0,Killifish,F,42.45,0.64,0,,,,2017-06-06T00:00:00Z,,,
JOE-7G9R,7G9R,1,JOE,2,,1,0,0,Killifish,F,50.51,1.053,0,,,,2017-06-06T00:00:00Z,,,
JOE-1O9R,1O9R,1,JOE,2,,1,0,0,Killifish,M,53.77,1.467,0,,,,2017-06-06T00:00:00Z,,,
JOE-3O9R,3O9R,1,JOE,2,,1,0,0,Killifish,F,66.86,1.963,0,,,,2017-06-06T00:00:00Z,,SICK AND SKINNY,
JOE-5O9R,5O9R,1,JOE,2,,1,0,0,Killifish,F,69.09,2.92,0,,,,2017-06-06T00:00:00Z,,,
JOE-731,,0,JOE,2,2,1,0,0,Killifish,F,,,,F,46.87,0.874,2017-07-04T00:00:00Z,2017-07-04T00:00:00Z,,
JOE-732,,0,JOE,2,2,1,0,0,Killifish,F,,,,F,43.18,0.592,2017-07-04T00:00:00Z,2017-07-04T00:00:00Z,,
JOE-733,,0,JOE,2,2,1,0,0,Killifish,M,,,,M,38.01,0.465,2017-07-04T00:00:00Z,2017-07-04T00:00:00Z,,
JOE-734,,0,JOE,2,2,1,0,0,Killifish,F,,,,F,41.59,0.617,2017-07-04T00:00:00Z,2017-07-04T00:00:00Z,,
JOE-735,,0,JOE,2,2,1,0,0,Killifish,F,,,,F,41.6,0.605,2017-07-04T00:00:00Z,2017-07-04T00:00:00Z,,
JOE-736,,0,JOE,2,2,1,0,0,Killifish,F,,,,F,41.5,0.615,2017-07-04T00:00:00Z,2017-07-04T00:00:00Z,,
JOE-737,,0,JOE,2,2,1,0,0,Killifish,F,,,,F,42.52,0.681,2017-07-04T00:00:00Z,2017-07-04T00:00:00Z,,
JOE-738,,0,JOE,2,2,1,0,0,Killifish,J,,,,J,36.71,0.395,2017-07-04T00:00:00Z,2017-07-04T00:00:00Z,,
JOE-739,,0,JOE,2,2,1,0,0,Killifish,M,,,,M,58.35,1.828,2017-07-04T00:00:00Z,2017-07-04T00:00:00Z,,
JOE-740,,0,JOE,2,2,1,0,0,Killifish,M,,,,M,50.71,1.189,2017-07-04T00:00:00Z,2017-07-04T00:00:00Z,,
JOE-741,,0,JOE,2,2,1,0,0,Killifish,F,,,,F,45.52,0.776,2017-07-04T00:00:00Z,2017-07-04T00:00:00Z,,
JOE-742,,0,JOE,2,2,1,0,0,Killifish,M,,,,M,44.28,0.785,2017-07-04T00:00:00Z,2017-07-04T00:00:00Z,,
JOE-743,,0,JOE,2,2,1,0,0,Killifish,M,,,,M,45.32,0.819,2017-07-04T00:00:00Z,2017-07-04T00:00:00Z,,
JOE-744,,0,JOE,2,2,1,0,0,Killifish,M,,,,M,41.52,0.633,2017-07-04T00:00:00Z,2017-07-04T00:00:00Z,,
JOE-745,,0,JOE,2,2,1,0,0,Killifish,F,,,,F,57.02,1.794,2017-07-04T00:00:00Z,2017-07-04T00:00:00Z,,
JOE-746,,0,JOE,2,2,1,0,0,Killifish,M,,,,M,37.64,0.475,2017-07-04T00:00:00Z,2017-07-04T00:00:00Z,,
JOE-747,,0,JOE,2,2,1,0,0,Killifish,M,,,,M,76.24,4.741,2017-07-04T00:00:00Z,2017-07-04T00:00:00Z,,
JOE-748,,0,JOE,2,2,1,0,0,Killifish,J,,,,J,33.18,0.308,2017-07-04T00:00:00Z,2017-07-04T00:00:00Z,,
JOE-749,,0,JOE,2,2,1,0,0,Killifish,J,,,,J,24.3,0.125,2017-07-04T00:00:00Z,2017-07-04T00:00:00Z,,
JOE-750,,0,JOE,2,2,1,0,0,Killifish,J,,,,J,30.24,0.206,2017-07-04T00:00:00Z,2017-07-04T00:00:00Z,,
JOE-751,,0,JOE,2,2,1,0,0,Killifish,J,,,,J,28.67,0.174,2017-07-04T00:00:00Z,2017-07-04T00:00:00Z,,
NAR-1O5O,1O5O,1,NAR,2,2,0,0,1,Killifish,F,49,0.9,1,F,52.86,1.17,2017-04-19T00:00:00Z,2017-05-16T00:00:00Z,,
NAR-1O3O,1O3O,1,NAR,2,2,0,0,1,Killifish,M,50,1.108,1,M,51.57,1.252,2017-04-19T00:00:00Z,2017-05-16T00:00:00Z,,
NAR-1R7R,1R7R,1,NAR,2,2,0,0,1,Killifish,M,35,0.338,1,M,38.4,0.455,2017-04-19T00:00:00Z,2017-05-16T00:00:00Z,,
NAR-1O7O,1O7O,1,NAR,2,2,0,0,1,Killifish,J,31,0.231,1,J,34.6,0.319,2017-04-19T00:00:00Z,2017-05-16T00:00:00Z,,
NAR-1R,1R,1,NAR,2,2,0,0,1,Killifish,J,24,0.105,1,J,32.72,0.31,2017-04-19T00:00:00Z,2017-05-16T00:00:00Z,,
NAR-3R5R,3R5R,1,NAR,2,2,0,0,1,Killifish,M,45.5,0.846,1,M,48.74,0.982,2017-04-19T00:00:00Z,2017-05-16T00:00:00Z,,
NAR-5O7O,5O7O,1,NAR,2,2,0,0,1,Killifish,F,53,1.363,1,F,54.76,1.402,2017-04-19T00:00:00Z,2017-05-16T00:00:00Z,,5O MISSING
NAR-1Y3Y,1Y3Y,1,NAR,2,2,0,0,1,Killifish,F,46,0.826,1,F,48.19,0.984,2017-04-19T00:00:00Z,2017-05-16T00:00:00Z,,
NAR-1Y5Y,1Y5Y,1,NAR,2,2,0,0,1,Killifish,F,42,0.638,1,F,44.99,0.749,2017-04-19T00:00:00Z,2017-05-16T00:00:00Z,,
NAR-3Y5Y,3Y5Y,1,NAR,2,1,0,0,1,Killifish,M,40,0.6,1,M,45.64,0.905,2017-04-19T00:00:00Z,2017-05-16T00:00:00Z,,
NAR-1B7B,1B7B,1,NAR,2,2,0,0,1,Killifish,J,30,0.218,1,M,36.66,0.396,2017-04-19T00:00:00Z,2017-05-16T00:00:00Z,,
NAR-3Y7Y,3Y7Y,1,NAR,2,2,0,0,1,Killifish,F,34.5,0.316,1,F,38.72,0.475,2017-04-19T00:00:00Z,2017-05-16T00:00:00Z,,
NAR-1O,1O,1,NAR,2,2,0,0,1,Killifish,J,23.5,0.102,1,J,31.1,0.233,2017-04-19T00:00:00Z,2017-05-16T00:00:00Z,,
NAR-1R3R,1R3R,1,NAR,2,2,0,0,1,Killifish,F,72,3.562,1,F,74.4,,2017-04-19T00:00:00Z,2017-05-16T00:00:00Z,,
NAR-1R5R,1R5R,1,NAR,2,,0,0,1,Killifish,F,71,3.367,0,,,,2017-04-19T00:00:00Z,2017-05-16T00:00:00Z,,
NAR-3O5O,3O5O,1,NAR,2,,0,0,1,Killifish,M,36,0.359,0,,,,2017-04-19T00:00:00Z,2017-05-16T00:00:00Z,,
NAR-3O7O,3O7O,1,NAR,2,,0,0,1,Killifish,J,29,0.199,0,,,,2017-04-19T00:00:00Z,2017-05-16T00:00:00Z,,
NAR-3R7R,3R7R,1,NAR,2,,0,0,1,Killifish,J,27.5,0.159,0,,,,2017-04-19T00:00:00Z,2017-05-16T00:00:00Z,,
NAR-5R7R,5R7R,1,NAR,2,,0,0,1,Killifish,J,23,0.086,0,,,,2017-04-19T00:00:00Z,2017-05-16T00:00:00Z,,
NAR-1B3B,1B3B,1,NAR,2,,0,0,1,Killifish,M,46,0.765,0,,,,2017-04-19T00:00:00Z,2017-05-16T00:00:00Z,,
NAR-1Y7Y,1Y7Y,1,NAR,2,,0,0,1,Killifish,M,44.5,0.731,0,,,,2017-04-19T00:00:00Z,2017-05-16T00:00:00Z,,
NAR-1B5B,1B5B,1,NAR,2,,0,0,1,Killifish,M,40.5,0.544,0,,,,2017-04-19T00:00:00Z,2017-05-16T00:00:00Z,,
NAR-3R5B,3R5B,1,NAR,2,,0,0,1,Killifish,J,25.6,0.145,0,,,,2017-04-19T00:00:00Z,2017-05-16T00:00:00Z,,
NAR-1B,1B,1,NAR,2,,0,0,1,Killifish,J,22,0.092,0,,,,2017-04-19T00:00:00Z,2017-05-16T00:00:00Z,,
NAR-3B7B,3B7B,1,NAR,2,,0,0,1,Killifish,J,28,0.19,0,,,,2017-04-19T00:00:00Z,2017-05-16T00:00:00Z,,
NAR-5B7B,5B7B,1,NAR,2,,0,0,1,Killifish,J,29,0.19,0,,,,2017-04-19T00:00:00Z,2017-05-16T00:00:00Z,,
NAR-3V,3V,1,NAR,2,,0,0,1,Killifish,J,22.64,0.103,0,,,,2017-04-19T00:00:00Z,2017-05-16T00:00:00Z,,
NAR-1V,1V,1,NAR,2,,0,0,1,Killifish,J,16.18,0.047,0,,,,2017-04-19T00:00:00Z,2017-05-16T00:00:00Z,,
NAR-641,,0,NAR,2,2,0,0,1,Killifish,F,,,,F,39.72,0.442,2017-04-19T00:00:00Z,2017-05-16T00:00:00Z,,
NAR-642,,0,NAR,2,2,0,0,1,Killifish,F,,,,F,35.39,0.338,2017-04-19T00:00:00Z,2017-05-16T00:00:00Z,,
NAR-643,,0,NAR,2,2,0,0,1,Killifish,F,,,,F,38.46,0.465,2017-04-19T00:00:00Z,2017-05-16T00:00:00Z,,
NAR-644,,0,NAR,2,2,0,0,1,Killifish,J,,,,J,32.28,0.269,2017-04-19T00:00:00Z,2017-05-16T00:00:00Z,,
NAR-645,,0,NAR,2,2,0,0,1,Killifish,J,,,,J,28.5,0.2,2017-04-19T00:00:00Z,2017-05-16T00:00:00Z,,
NAR-646,,0,NAR,2,2,0,0,1,Killifish,J,,,,J,29.74,0.231,2017-04-19T00:00:00Z,2017-05-16T00:00:00Z,,
NAR-647,,0,NAR,2,2,0,0,1,Killifish,J,,,,J,30.81,0.233,2017-04-19T00:00:00Z,2017-05-16T00:00:00Z,,
NAR-648,,0,NAR,2,2,0,0,1,Killifish,J,,,,J,30.45,0.256,2017-04-19T00:00:00Z,2017-05-16T00:00:00Z,,
NAR-649,,0,NAR,2,2,0,0,1,Killifish,J,,,,J,31.1,0.238,2017-04-19T00:00:00Z,2017-05-16T00:00:00Z,,
NAR-650,,0,NAR,2,2,0,0,1,Killifish,J,,,,J,30.11,0.194,2017-04-19T00:00:00Z,2017-05-16T00:00:00Z,,
NAR-651,,0,NAR,2,2,0,0,1,Killifish,J,,,,J,19.35,0.054,2017-04-19T00:00:00Z,2017-05-16T00:00:00Z,,
NAR-652,,0,NAR,2,2,0,0,1,Killifish,J,,,,J,22,0.106,2017-04-19T00:00:00Z,2017-05-16T00:00:00Z,,
NAR-653,,0,NAR,2,2,0,0,1,Killifish,J,,,,J,22.62,0.092,2017-04-19T00:00:00Z,2017-05-16T00:00:00Z,,
NAR-654,,0,NAR,2,2,0,0,1,Killifish,J,,,,J,28.33,0.187,2017-04-19T00:00:00Z,2017-05-16T00:00:00Z,,
NAR-655,,0,NAR,2,2,0,0,1,Killifish,J,,,,J,25.99,0.142,2017-04-19T00:00:00Z,2017-05-16T00:00:00Z,,
NAR-656,,0,NAR,2,2,0,0,1,Killifish,J,,,,J,21.88,0.08,2017-04-19T00:00:00Z,2017-05-16T00:00:00Z,,
NAR-657,,0,NAR,2,2,0,0,1,Killifish,J,,,,J,22.44,0.092,2017-04-19T00:00:00Z,2017-05-16T00:00:00Z,,
NAR-658,,0,NAR,2,2,0,0,1,Killifish,J,,,,J,24.84,0.118,2017-04-19T00:00:00Z,2017-05-16T00:00:00Z,,
NAR-659,,0,NAR,2,2,0,0,1,Killifish,J,,,,J,28.71,0.18,2017-04-19T00:00:00Z,2017-05-16T00:00:00Z,,
NAR-660,,0,NAR,2,2,0,0,1,Killifish,F,,,,F,32.63,0.265,2017-04-19T00:00:00Z,2017-05-16T00:00:00Z,,
NAR-661,,0,NAR,2,2,0,0,1,Killifish,F,,,,F,62.78,2.364,2017-04-19T00:00:00Z,2017-05-16T00:00:00Z,,
NAR-662,,0,NAR,2,2,0,0,1,Killifish,M,,,,M,55.32,1.61,2017-04-19T00:00:00Z,2017-05-16T00:00:00Z,,
QUA-,,0,QUA,2,,0,1,0,Killifish,M,72.4,3.47,,,,,2017-04-11T00:00:00Z,2017-05-10T00:00:00Z,,
QUA-,,0,QUA,2,,0,1,0,Killifish,F,51.69,1.29,,,,,2017-04-11T00:00:00Z,2017-05-10T00:00:00Z,,
QUA-,,0,QUA,2,,0,1,0,Killifish,F,66.62,2.5,,,,,2017-04-11T00:00:00Z,2017-05-10T00:00:00Z,,
QUA-,,0,QUA,2,,0,1,0,Killifish,F,68.18,2.99,,,,,2017-04-11T00:00:00Z,2017-05-10T00:00:00Z,,
QUA-,,0,QUA,2,,0,1,0,Killifish,M,50.21,1.15,,,,,2017-04-11T00:00:00Z,2017-05-10T00:00:00Z,,
QUA-,,0,QUA,2,,0,1,0,Killifish,F,72.48,3.27,,,,,2017-04-11T00:00:00Z,2017-05-10T00:00:00Z,,
QUA-,,0,QUA,2,,0,1,0,Killifish,F,68.45,2.84,,,,,2017-04-11T00:00:00Z,2017-05-10T00:00:00Z,,
QUA-,,0,QUA,2,,0,1,0,Killifish,M,42.94,0.73,,,,,2017-04-11T00:00:00Z,2017-05-10T00:00:00Z,,
QUA-,,0,QUA,2,,0,1,0,Killifish,M,52.74,1.34,,,,,2017-04-11T00:00:00Z,2017-05-10T00:00:00Z,,
QUA-,,0,QUA,2,,0,1,0,Killifish,F,39.75,0.52,,,,,2017-04-11T00:00:00Z,2017-05-10T00:00:00Z,,
QUA-,,0,QUA,2,,0,1,0,Killifish,F,52.74,1.32,,,,,2017-04-11T00:00:00Z,2017-05-10T00:00:00Z,,
QUA-,,0,QUA,2,,0,1,0,Killifish,M,49.41,1.07,,,,,2017-04-11T00:00:00Z,2017-05-10T00:00:00Z,,
QUA-,,0,QUA,2,,0,1,0,Killifish,F,40.28,0.6,,,,,2017-04-11T00:00:00Z,2017-05-10T00:00:00Z,,
QUA-,,0,QUA,2,,0,1,0,Killifish,F,41.8,0.64,,,,,2017-04-11T00:00:00Z,2017-05-10T00:00:00Z,,
QUA-,,0,QUA,2,,0,1,0,Killifish,F,54.32,0.73,,,,,2017-04-11T00:00:00Z,2017-05-10T00:00:00Z,,
QUA-,,0,QUA,2,,0,1,0,Killifish,M,38.66,0.5,,,,,2017-04-11T00:00:00Z,2017-05-10T00:00:00Z,,
QUA-,,0,QUA,2,,0,1,0,Killifish,M,43.28,0.78,,,,,2017-04-11T00:00:00Z,2017-05-10T00:00:00Z,,
QUA-,,0,QUA,2,,0,1,0,Killifish,M,45.68,0.78,,,,,2017-04-11T00:00:00Z,2017-05-10T00:00:00Z,,
QUA-,,0,QUA,2,,0,1,0,Killifish,M,38.17,0.52,,,,,2017-04-11T00:00:00Z,2017-05-10T00:00:00Z,,
QUA-,,0,QUA,2,,0,1,0,Killifish,F,38.1,0.49,,,,,2017-04-11T00:00:00Z,2017-05-10T00:00:00Z,,
QUA-,,0,QUA,2,,0,1,0,Killifish,M,38.68,0.48,,,,,2017-04-11T00:00:00Z,2017-05-10T00:00:00Z,,
QUA-,,0,QUA,2,,0,1,0,Killifish,M,43.87,0.7,,,,,2017-04-11T00:00:00Z,2017-05-10T00:00:00Z,,
QUA-,,0,QUA,2,,0,1,0,Killifish,M,37.1,0.46,,,,,2017-04-11T00:00:00Z,2017-05-10T00:00:00Z,,
QUA-,,0,QUA,2,,0,1,0,Killifish,M,43.54,0.79,,,,,2017-04-11T00:00:00Z,2017-05-10T00:00:00Z,,
QUA-,,0,QUA,2,,0,1,0,Killifish,J,27.06,0.15,,,,,2017-04-11T00:00:00Z,2017-05-10T00:00:00Z,,
QUA-,,0,QUA,2,,0,1,0,Killifish,F,35.54,0.38,,,,,2017-04-11T00:00:00Z,2017-05-10T00:00:00Z,,
QUA-,,0,QUA,2,,0,1,0,Killifish,J,22.81,0.1,,,,,2017-04-11T00:00:00Z,2017-05-10T00:00:00Z,,
QUA-,,0,QUA,2,,0,1,0,Killifish,J,12.92,0.02,,,,,2017-04-11T00:00:00Z,2017-05-10T00:00:00Z,,
QUA-,,0,QUA,2,,0,1,0,Killifish,J,15.68,0.03,,,,,2017-04-11T00:00:00Z,2017-05-10T00:00:00Z,,
QUA-,,0,QUA,2,,0,1,0,Killifish,J,15.34,0.03,,,,,2017-04-11T00:00:00Z,2017-05-10T00:00:00Z,,
QUA-,,0,QUA,2,,0,1,0,Killifish,J,23.26,0.11,,,,,2017-04-11T00:00:00Z,2017-05-10T00:00:00Z,,
QUA-,,0,QUA,2,,0,1,0,Killifish,J,32.85,0.3,,,,,2017-04-11T00:00:00Z,2017-05-10T00:00:00Z,,
QUA-,,0,QUA,2,,0,1,0,Killifish,J,20.95,0.08,,,,,2017-04-11T00:00:00Z,2017-05-10T00:00:00Z,,
QUA-,,0,QUA,2,,0,1,0,Killifish,J,27.63,0.18,,,,,2017-04-11T00:00:00Z,2017-05-10T00:00:00Z,,
QUA-,,0,QUA,2,,0,1,0,Killifish,J,20.14,0.1,,,,,2017-04-11T00:00:00Z,2017-05-10T00:00:00Z,,
QUA-,,0,QUA,2,,0,1,0,Killifish,J,26.38,0.14,,,,,2017-04-11T00:00:00Z,2017-05-10T00:00:00Z,,
QUA-,,0,QUA,2,,0,1,0,Killifish,J,25.57,0.15,,,,,2017-04-11T00:00:00Z,2017-05-10T00:00:00Z,,
QUA-,,0,QUA,2,,0,1,0,Killifish,J,20.77,0.07,,,,,2017-04-11T00:00:00Z,2017-05-10T00:00:00Z,,
QUA-,,0,QUA,2,,0,1,0,Killifish,J,19.94,0.06,,,,,2017-04-11T00:00:00Z,2017-05-10T00:00:00Z,,
QUA-497,,0,QUA,2,2,0,1,0,Killifish,M,,,,M,59.3,1.89,2017-04-11T00:00:00Z,2017-05-10T00:00:00Z,,
QUA-498,,0,QUA,2,2,0,1,0,Killifish,M,,,,M,43.71,0.686,2017-04-11T00:00:00Z,2017-05-10T00:00:00Z,,
QUA-499,,0,QUA,2,2,0,1,0,Killifish,F,,,,F,46.72,0.854,2017-04-11T00:00:00Z,2017-05-10T00:00:00Z,,
QUA-500,,0,QUA,2,2,0,1,0,Killifish,F,,,,F,51.73,1.317,2017-04-11T00:00:00Z,2017-05-10T00:00:00Z,,
QUA-501,,0,QUA,2,2,0,1,0,Killifish,F,,,,F,49.41,1.008,2017-04-11T00:00:00Z,2017-05-10T00:00:00Z,,
QUA-502,,0,QUA,2,2,0,1,0,Killifish,F,,,,F,65.81,2.53,2017-04-11T00:00:00Z,2017-05-10T00:00:00Z,,
QUA-503,,0,QUA,2,2,0,1,0,Killifish,M,,,,M,50.51,1.053,2017-04-11T00:00:00Z,2017-05-10T00:00:00Z,,
QUA-504,,0,QUA,2,2,0,1,0,Killifish,M,,,,M,43.02,0.668,2017-04-11T00:00:00Z,2017-05-10T00:00:00Z,,
QUA-505,,0,QUA,2,2,0,1,0,Killifish,J,,,,J,15.53,0.04,2017-04-11T00:00:00Z,2017-05-10T00:00:00Z,,
QUA-506,,0,QUA,2,2,0,1,0,Killifish,J,,,,J,16.46,0.042,2017-04-11T00:00:00Z,2017-05-10T00:00:00Z,,
QUA-507,,0,QUA,2,2,0,1,0,Killifish,J,,,,J,14.92,0.026,2017-04-11T00:00:00Z,2017-05-10T00:00:00Z,,
QUA-508,,0,QUA,2,2,0,1,0,Killifish,J,,,,J,14.89,0.023,2017-04-11T00:00:00Z,2017-05-10T00:00:00Z,,
QUA-509,,0,QUA,2,2,0,1,0,Killifish,J,,,,J,15.03,0.029,2017-04-11T00:00:00Z,2017-05-10T00:00:00Z,,
QUA-510,,0,QUA,2,2,0,1,0,Killifish,J,,,,J,13.4,0.027,2017-04-11T00:00:00Z,2017-05-10T00:00:00Z,,
QUA-511,,0,QUA,2,2,0,1,0,Killifish,J,,,,J,17.78,0.057,2017-04-11T00:00:00Z,2017-05-10T00:00:00Z,,
QUA-512,,0,QUA,2,2,0,1,0,Killifish,J,,,,J,16.74,0.044,2017-04-11T00:00:00Z,2017-05-10T00:00:00Z,,
QUA-513,,0,QUA,2,2,0,1,0,Killifish,J,,,,J,24.52,0.116,2017-04-11T00:00:00Z,2017-05-10T00:00:00Z,,
QUA-514,,0,QUA,2,2,0,1,0,Killifish,J,,,,J,12.81,0.021,2017-04-11T00:00:00Z,2017-05-10T00:00:00Z,,
QUA-515,,0,QUA,2,2,0,1,0,Killifish,J,,,,J,16.65,0.033,2017-04-11T00:00:00Z,2017-05-10T00:00:00Z,,
QUA-516,,0,QUA,2,2,0,1,0,Killifish,J,,,,J,22.33,0.045,2017-04-11T00:00:00Z,2017-05-10T00:00:00Z,,
QUA-517,,0,QUA,2,2,0,1,0,Killifish,J,,,,J,24.18,0.123,2017-04-11T00:00:00Z,2017-05-10T00:00:00Z,,
QUA-518,,0,QUA,2,2,0,1,0,Killifish,J,,,,J,22.28,0.088,2017-04-11T00:00:00Z,2017-05-10T00:00:00Z,,
QUA-519,,0,QUA,2,2,0,1,0,Killifish,J,,,,J,18.91,0.051,2017-04-11T00:00:00Z,2017-05-10T00:00:00Z,,
QUA-520,,0,QUA,2,2,0,1,0,Killifish,M,,,,M,49.23,1.107,2017-04-11T00:00:00Z,2017-05-10T00:00:00Z,,
QUA-521,,0,QUA,2,2,0,1,0,Killifish,J,,,,J,20.62,0.068,2017-04-11T00:00:00Z,2017-05-10T00:00:00Z,,
QUA-522,,0,QUA,2,2,0,1,0,Killifish,J,,,,J,18.12,0.41,2017-04-11T00:00:00Z,2017-05-10T00:00:00Z,,
QUA-523,,0,QUA,2,2,0,1,0,Killifish,F,,,,F,26.01,0.154,2017-04-11T00:00:00Z,2017-05-10T00:00:00Z,,
QUA-524,,0,QUA,2,2,0,1,0,Killifish,J,,,,J,19.53,0.062,2017-04-11T00:00:00Z,2017-05-10T00:00:00Z,,
QUA-525,,0,QUA,2,2,0,1,0,Killifish,J,,,,J,24.78,0.019,2017-04-11T00:00:00Z,2017-05-10T00:00:00Z,,
QUA-526,,0,QUA,2,2,0,1,0,Killifish,F,,,,F,30.79,0.23,2017-04-11T00:00:00Z,2017-05-10T00:00:00Z,,
QUA-536,,0,QUA,2,2,0,1,0,Killifish,J,,,,J,11.54,0.018,2017-04-11T00:00:00Z,2017-05-10T00:00:00Z,,
CAI-1G3R,1G3R,1,CAI,3,3,1,0,0,Killifish,F,55.06,1.476,1,F,56.21,1.308,2017-04-05T00:00:00Z,2017-05-03T00:00:00Z,,
CAI-1Y3R,1Y3R,1,CAI,3,3,1,0,0,Killifish,M,47.08,0.883,1,M,49.41,1.001,2017-04-05T00:00:00Z,2017-05-03T00:00:00Z,,
CAI-1G3B,1G3B,1,CAI,3,3,1,0,0,Killifish,M,62.2,2.216,1,M,63.81,2.371,2017-04-05T00:00:00Z,2017-05-03T00:00:00Z,,
CAI-1G3Y,1G3Y,1,CAI,3,3,1,0,0,Killifish,F,54.21,1.421,1,F,56.61,1.615,2017-04-05T00:00:00Z,2017-05-03T00:00:00Z,,
CAI-1Y3G,1Y3G,1,CAI,3,3,1,0,0,Killifish,M,70.57,3.238,1,M,69.62,2.961,2017-04-05T00:00:00Z,2017-05-03T00:00:00Z,,
CAI-1Y3B,1Y3B,1,CAI,3,3,1,0,0,Killifish,M,85.61,5.125,1,M,85.37,5.035,2017-04-05T00:00:00Z,2017-05-03T00:00:00Z,,
CAI-NA,,0,CAI,3,,1,0,0,Killifish,J,25.94,0.127,0,,,,2017-04-05T00:00:00Z,2017-05-03T00:00:00Z,DEAD,
CAI-1Y3Y,1Y3Y,1,CAI,3,,1,0,0,Killifish,M,78.9,3.933,0,,,,2017-04-05T00:00:00Z,2017-05-03T00:00:00Z,,
CAI-1R3B,1R3B,1,CAI,3,,1,0,0,Killifish,M,41.41,0.522,0,,,,2017-04-05T00:00:00Z,2017-05-03T00:00:00Z,,
CAI-1B3G,1B3G,1,CAI,3,,1,0,0,Killifish,J,21.95,0.079,0,,,,2017-04-05T00:00:00Z,2017-05-03T00:00:00Z,,
CAI-3P,3P,1,CAI,3,,1,0,0,Killifish,J,16.65,0.035,0,,,,2017-04-05T00:00:00Z,2017-05-03T00:00:00Z,,
CAI-1P3G,1P3G,1,CAI,3,,1,0,0,Killifish,J,23.68,0.115,0,,,,2017-04-05T00:00:00Z,2017-05-03T00:00:00Z,,
CAI-456,,0,CAI,3,0,1,0,0,Killifish,J,,,,J,17.56,0.051,2017-04-05T00:00:00Z,2017-05-03T00:00:00Z,,
CAI-457,,0,CAI,3,0,1,0,0,Killifish,J,,,,J,18.78,0.047,2017-04-05T00:00:00Z,2017-05-03T00:00:00Z,,
CAI-458,,0,CAI,3,0,1,0,0,Killifish,F,,,,F,76.41,4.17,2017-04-05T00:00:00Z,2017-05-03T00:00:00Z,,
CAI-459,,0,CAI,3,0,1,0,0,Killifish,J,,,,J,30.52,0.22,2017-04-05T00:00:00Z,2017-05-03T00:00:00Z,,
JOE-1R5R,1R5R,1,JOE,3,3,0,0,1,Killifish,F,62.5,2.188,1,F,67.5,2.887,2017-06-06T00:00:00Z,,,
JOE-1R7R,1R7R,1,JOE,3,3,0,0,1,Killifish,M,70.75,3.315,1,M,72.99,3.904,2017-06-06T00:00:00Z,,,
JOE-1R3G,1R3G,1,JOE,3,1,0,0,1,Killifish,F,45.86,0.832,1,F,47.98,0.961,2017-06-06T00:00:00Z,,,
JOE-1R7O,1R7O,1,JOE,3,3,0,0,1,Killifish,F,84.49,6.34,1,F,85.71,6.672,2017-06-06T00:00:00Z,,,
JOE-3R9R,3R9R,1,JOE,3,3,0,0,1,Killifish,M,54.14,1.371,1,M,57.16,1.662,2017-06-06T00:00:00Z,,,
JOE-3R5B,3R5B,1,JOE,3,3,0,0,1,Killifish,F,64.36,2.496,1,F,63.42,2.396,2017-06-06T00:00:00Z,,,
JOE-3B5R,3B5R,1,JOE,3,3,0,0,1,Killifish,F,53.36,1.342,1,F,56.67,1.706,2017-06-06T00:00:00Z,,,
JOE-1G5R,1G5R,1,JOE,3,3,0,0,1,Killifish,F,47.95,0.954,1,F,51.88,1.189,2017-06-06T00:00:00Z,,,
JOE-5R7G,5R7G,1,JOE,3,3,0,0,1,Killifish,F,58.94,1.811,1,F,63.16,2.505,2017-06-06T00:00:00Z,,Camellanus,
JOE-3O5R,3O5R,1,JOE,3,3,0,0,1,Killifish,M,42.28,0.64,1,M,45.04,0.804,2017-06-06T00:00:00Z,,,
JOE-5R9O,5R9O,1,JOE,3,3,0,0,1,Killifish,F,55.88,1.53,1,F,59.31,1.961,2017-06-06T00:00:00Z,,,
JOE-7R9R,7R9R,1,JOE,3,3,0,0,1,Killifish,F,49.9,1.04,1,F,52.31,1.298,2017-06-06T00:00:00Z,,,
JOE-1R9R,1R9R,1,JOE,3,,0,0,1,Killifish,F,77.06,4.151,0,,,,2017-06-06T00:00:00Z,,,
JOE-1R3B,1R3B,1,JOE,3,,0,0,1,Killifish,M,61.8,2.241,0,,,,2017-06-06T00:00:00Z,,,
JOE-1R5B,1R5B,1,JOE,3,,0,0,1,Killifish,M,38.62,0.482,0,,,,2017-06-06T00:00:00Z,,,
JOE-1R7B,1R7B,1,JOE,3,,0,0,1,Killifish,M,35.27,0.352,0,,,,2017-06-06T00:00:00Z,,,
JOE-1R9B,1R9B,1,JOE,3,,0,0,1,Killifish,F,38.57,0.447,0,,,,2017-06-06T00:00:00Z,,,
JOE-1R5G,1R5G,1,JOE,3,,0,0,1,Killifish,M,44.66,0.561,0,,,,2017-06-06T00:00:00Z,,,
JOE-1R7G,1R7G,1,JOE,3,,0,0,1,Killifish,F,52.97,1.353,0,,,,2017-06-06T00:00:00Z,,,
JOE-1R9G,1R9G,1,JOE,3,,0,0,1,Killifish,F,37.71,0.461,0,,,,2017-06-06T00:00:00Z,,,
JOE-1R3O,1R3O,1,JOE,3,,0,0,1,Killifish,J,33.77,0.313,0,,,,2017-06-06T00:00:00Z,,,
JOE-1R5O,1R5O,1,JOE,3,,0,0,1,Killifish,F,62.95,1.992,0,,,,2017-06-06T00:00:00Z,,,
JOE-1R9O,1R9O,1,JOE,3,,0,0,1,Killifish,F,32.35,0.288,0,,,,2017-06-06T00:00:00Z,,,
JOE-3R5R,3R5R,1,JOE,3,,0,0,1,Killifish,M,61.71,2.077,0,,,,2017-06-06T00:00:00Z,,,
JOE-3R7R,3R7R,1,JOE,3,,0,0,1,Killifish,M,60.04,2.036,0,,,,2017-06-06T00:00:00Z,,,
JOE-1B3R,1B3R,1,JOE,3,,0,0,1,Killifish,F,61.64,2.16,0,,,,2017-06-06T00:00:00Z,,,
JOE-3R7B,3R7B,1,JOE,3,,0,0,1,Killifish,F,55.25,1.529,0,,,,2017-06-06T00:00:00Z,,,
JOE-3R9B,3R9B,1,JOE,3,,0,0,1,Killifish,M,70.27,3.137,0,,,,2017-06-06T00:00:00Z,,,
JOE-1G3R,1G3R,1,JOE,3,,0,0,1,Killifish,M,63.29,2.499,0,,,,2017-06-06T00:00:00Z,,,
JOE-1O3R,1O3R,1,JOE,3,,0,0,1,Killifish,F,33.86,0.329,0,,,,2017-06-06T00:00:00Z,,,
JOE-3R5O,3R5O,1,JOE,3,,0,0,1,Killifish,F,84.29,6.586,0,,,,2017-06-06T00:00:00Z,,,
JOE-3R7O,3R7O,1,JOE,3,,0,0,1,Killifish,M,91.8,8.654,0,,,,2017-06-06T00:00:00Z,,,
JOE-3R9O,3R9O,1,JOE,3,,0,0,1,Killifish,M,35.56,0.369,0,,,,2017-06-06T00:00:00Z,,,
JOE-5R7R,5R7R,1,JOE,3,,0,0,1,Killifish,F,39.02,0.498,0,,,,2017-06-06T00:00:00Z,,,
JOE-5R9R,5R9R,1,JOE,3,,0,0,1,Killifish,M,48.99,1.043,0,,,,2017-06-06T00:00:00Z,,,
JOE-1B5R,1B5R,1,JOE,3,,0,0,1,Killifish,M,48.38,0.963,0,,,,2017-06-06T00:00:00Z,,,
JOE-5R7B,5R7B,1,JOE,3,,0,0,1,Killifish,M,53.65,1.39,0,,,,2017-06-06T00:00:00Z,,,
JOE-5R9B,5R9B,1,JOE,3,,0,0,1,Killifish,F,40.89,0.586,0,,,,2017-06-06T00:00:00Z,,,
JOE-3G5R,3G5R,1,JOE,3,,0,0,1,Killifish,M,49.68,1.074,0,,,,2017-06-06T00:00:00Z,,,
JOE-5R9G,5R9G,1,JOE,3,,0,0,1,Killifish,M,56.3,1.667,0,,,,2017-06-06T00:00:00Z,,,
JOE-1O5R,1O5R,1,JOE,3,,0,0,1,Killifish,F,30.34,0.217,0,,,,2017-06-06T00:00:00Z,,,
JOE-5R7O,5R7O,1,JOE,3,,0,0,1,Killifish,M,37.72,0.462,0,,,,2017-06-06T00:00:00Z,,,
JOE-3B7R,3B7R,1,JOE,3,,0,0,1,Killifish,F,36.94,0.395,0,,,,2017-06-06T00:00:00Z,,,
JOE-1B7R,1B7R,1,JOE,3,,0,0,1,Killifish,M,63.44,2.286,0,,,,2017-06-06T00:00:00Z,,,
JOE-5B7R,5B7R,1,JOE,3,,0,0,1,Killifish,M,35.39,0.358,0,,,,2017-06-06T00:00:00Z,,,
JOE-7R9B,7R9B,1,JOE,3,,0,0,1,Killifish,F,57.91,1.709,0,,,,2017-06-06T00:00:00Z,,,
JOE-1G7R,1G7R,1,JOE,3,,0,0,1,Killifish,M,57.84,1.677,0,,,,2017-06-06T00:00:00Z,,,
JOE-3G7R,3G7R,1,JOE,3,,0,0,1,Killifish,M,61.16,2.305,0,,,,2017-06-06T00:00:00Z,,,
JOE-5G7R,5G7R,1,JOE,3,,0,0,1,Killifish,M,63.78,2.364,0,,,,2017-06-06T00:00:00Z,,,
JOE-7R9O,7R9O,1,JOE,3,,0,0,1,Killifish,F,59.66,1.931,0,,,,2017-06-06T00:00:00Z,,"NOT IN THE LIST, CHECK AGAIN",
JOE-1R3R,1R3R,1,JOE,3,,0,0,1,Killifish,F,81.79,4.978,,,,,2017-06-06T00:00:00Z,,,
JOE-,,0,JOE,3,,0,0,1,Killifish,J,22.54,0.105,,,,,2017-06-06T00:00:00Z,,,
JOE-694,,0,JOE,3,3,0,0,1,Killifish,M,,,,M,90.47,8.742,2017-07-04T00:00:00Z,2017-07-04T00:00:00Z,,
JOE-695,,0,JOE,3,3,0,0,1,Killifish,J,,,,J,31.98,0.273,2017-07-04T00:00:00Z,2017-07-04T00:00:00Z,,
JOE-696,,0,JOE,3,3,0,0,1,Killifish,J,,,,J,34.64,0.353,2017-07-04T00:00:00Z,2017-07-04T00:00:00Z,,
JOE-697,,0,JOE,3,3,0,0,1,Killifish,F,,,,F,36.88,0.412,2017-07-04T00:00:00Z,2017-07-04T00:00:00Z,,
JOE-698,,0,JOE,3,3,0,0,1,Killifish,F,,,,F,36.17,0.395,2017-07-04T00:00:00Z,2017-07-04T00:00:00Z,,
JOE-699,,0,JOE,3,3,0,0,1,Killifish,M,,,,M,45.96,0.841,2017-07-04T00:00:00Z,2017-07-04T00:00:00Z,,
JOE-700,,0,JOE,3,3,0,0,1,Killifish,M,,,,M,36.58,0.428,2017-07-04T00:00:00Z,2017-07-04T00:00:00Z,,
JOE-701,,0,JOE,3,3,0,0,1,Killifish,J,,,,J,31.25,0.256,2017-07-04T00:00:00Z,2017-07-04T00:00:00Z,,
JOE-702,,0,JOE,3,3,0,0,1,Killifish,F,,,,F,37.66,0.447,2017-07-04T00:00:00Z,2017-07-04T00:00:00Z,,
JOE-703,,0,JOE,3,3,0,0,1,Killifish,J,,,,J,32.02,0.265,2017-07-04T00:00:00Z,2017-07-04T00:00:00Z,,
JOE-730,,0,JOE,3,3,0,0,1,Killifish,F,,,,F,39.19,0.502,2017-07-04T00:00:00Z,2017-07-04T00:00:00Z,,
NAR-1R3O,1R3O,1,NAR,3,3,1,0,0,Killifish,F,78.5,2.826,1,F,79.04,3.18,2017-04-19T00:00:00Z,2017-05-16T00:00:00Z,,
NAR-1R5O,1R5O,1,NAR,3,3,1,0,0,Killifish,M,58.5,4.252,0,M,,,2017-04-19T00:00:00Z,2017-05-16T00:00:00Z,,
NAR-1B5Y,1B5Y,1,NAR,3,3,1,0,0,Killifish,M,77,1.903,1,M,78.39,4.732,2017-04-19T00:00:00Z,2017-05-16T00:00:00Z,,
NAR-1R7O,1R7O,1,NAR,3,3,1,0,0,Killifish,F,52.5,1.237,1,F,54.05,1.394,2017-04-19T00:00:00Z,2017-05-16T00:00:00Z,,
NAR-3R5O,3R5O,1,NAR,3,3,1,0,0,Killifish,F,44,0.757,1,F,48.67,1.024,2017-04-19T00:00:00Z,2017-05-16T00:00:00Z,,
NAR-5Y,5Y,1,NAR,3,3,1,0,0,Killifish,J,24,0.112,1,J,32.66,0.278,2017-04-19T00:00:00Z,2017-05-16T00:00:00Z,,
NAR-1B9Y,1B9Y,1,NAR,3,3,1,0,0,Killifish,M,34,0.336,1,M,36.91,0.439,2017-04-19T00:00:00Z,2017-05-16T00:00:00Z,,
NAR-3R7O,3R7O,1,NAR,3,3,1,0,0,Killifish,M,29.5,0.215,1,M,33.49,0.319,2017-04-19T00:00:00Z,2017-05-16T00:00:00Z,,
NAR-3B5Y,3B5Y,1,NAR,3,3,1,0,0,Killifish,M,38,0.485,1,M,41.6,0.63,2017-04-19T00:00:00Z,2017-05-16T00:00:00Z,,
NAR-3B7Y,3B7Y,1,NAR,3,3,1,0,0,Killifish,M,40,0.577,1,M,44.47,0.758,2017-04-19T00:00:00Z,2017-05-16T00:00:00Z,,
NAR-5O,5O,1,NAR,3,3,1,0,0,Killifish,J,22,0.093,1,J,30.87,0.243,2017-04-19T00:00:00Z,2017-05-16T00:00:00Z,,
NAR-5R7O,5R7O,1,NAR,3,3,1,0,0,Killifish,M,39.5,0.502,1,M,41.66,0.64,2017-04-19T00:00:00Z,2017-05-16T00:00:00Z,,
NAR-5R9O,5R9O,1,NAR,3,3,1,0,0,Killifish,F,44,0.781,1,F,47.38,0.955,2017-04-19T00:00:00Z,2017-05-16T00:00:00Z,,
NAR-1R7Y,1R7Y,1,NAR,3,3,1,0,0,Killifish,F,40,0.55,1,F,43.51,0.731,2017-04-19T00:00:00Z,2017-05-16T00:00:00Z,,
NAR-5B9Y,5B9Y,1,NAR,3,3,1,0,0,Killifish,F,44.5,0.708,1,F,48.35,0.964,2017-04-19T00:00:00Z,2017-05-16T00:00:00Z,,
NAR-1B3Y,1B3Y,1,NAR,3,,1,0,0,Killifish,F,79,4.468,0,,,,2017-04-19T00:00:00Z,2017-05-16T00:00:00Z,,
NAR-1B7Y,1B7Y,1,NAR,3,,1,0,0,Killifish,M,55.5,1.548,0,,,,2017-04-19T00:00:00Z,2017-05-16T00:00:00Z,,
NAR-3O,3O,1,NAR,3,,1,0,0,Killifish,J,21,0.063,0,,,,2017-04-19T00:00:00Z,2017-05-16T00:00:00Z,,
NAR-1Y,1Y,1,NAR,3,,1,0,0,Killifish,J,24,0.115,0,,,,2017-04-19T00:00:00Z,2017-05-16T00:00:00Z,,
NAR-3B9Y,3B9Y,1,NAR,3,,1,0,0,Killifish,M,44.5,0.782,0,,,,2017-04-19T00:00:00Z,2017-05-16T00:00:00Z,,
NAR-5B7Y,5B7Y,1,NAR,3,,1,0,0,Killifish,M,44,0.674,0,,,,2017-04-19T00:00:00Z,2017-05-16T00:00:00Z,,
NAR-1R5Y,1R5Y,1,NAR,3,,1,0,0,Killifish,F,34,0.308,0,,,,2017-04-19T00:00:00Z,2017-05-16T00:00:00Z,,
NAR-663,,0,NAR,3,3,1,0,0,Killifish,F,,,,F,46.04,0.83,2017-04-19T00:00:00Z,2017-05-16T00:00:00Z,,
NAR-664,,0,NAR,3,3,1,0,0,Killifish,M,,,,M,31.2,0.246,2017-04-19T00:00:00Z,2017-05-16T00:00:00Z,,
NAR-665,,0,NAR,3,3,1,0,0,Killifish,J,,,,J,20.46,0.07,2017-04-19T00:00:00Z,2017-05-16T00:00:00Z,,
NAR-666,,0,NAR,3,3,1,0,0,Killifish,J,,,,J,27.37,0.18,2017-04-19T00:00:00Z,2017-05-16T00:00:00Z,,
NAR-667,,0,NAR,3,3,1,0,0,Killifish,J,,,,J,26.17,0.146,2017-04-19T00:00:00Z,2017-05-16T00:00:00Z,,
NAR-668,,0,NAR,3,3,1,0,0,Killifish,J,,,,J,21.02,0.084,2017-04-19T00:00:00Z,2017-05-16T00:00:00Z,,
NAR-669,,0,NAR,3,3,1,0,0,Killifish,F,,,,F,51.12,1.267,2017-04-19T00:00:00Z,2017-05-16T00:00:00Z,,
NAR-670,,0,NAR,3,3,1,0,0,Killifish,J,,,,J,34.43,0.317,2017-04-19T00:00:00Z,2017-05-16T00:00:00Z,,
NAR-690,,0,NAR,3,3,1,0,0,Killifish,J,,,,J,26.6,0.176,2017-04-19T00:00:00Z,2017-05-16T00:00:00Z,,
NAR-691,,0,NAR,3,3,1,0,0,Killifish,J,,,,J,17.9,0.045,2017-04-19T00:00:00Z,2017-05-16T00:00:00Z,,
NAR-692,,0,NAR,3,3,1,0,0,Killifish,J,,,,J,21.26,0.098,2017-04-19T00:00:00Z,2017-05-16T00:00:00Z,,
NAR-693,,0,NAR,3,3,1,0,0,Killifish,J,,,,J,22.32,0.087,2017-04-19T00:00:00Z,2017-05-16T00:00:00Z,,
QUA-3G7G,3G7G,1,QUA,3,3,1,0,1,Killifish,F,84.75,6.06,1,F,82.63,5.628,2017-04-11T00:00:00Z,2017-05-10T00:00:00Z,,
QUA-1P7O,1P7O,1,QUA,3,3,1,0,1,Killifish,M,76.32,4.3,1,M,77.15,4.113,2017-04-11T00:00:00Z,2017-05-10T00:00:00Z,,
QUA-3P5O,3P5O,1,QUA,3,3,1,0,1,Killifish,F,89.42,6.66,1,F,90.34,6.515,2017-04-11T00:00:00Z,2017-05-10T00:00:00Z,,
QUA-5G7G,5G7G,1,QUA,3,3,1,0,1,Killifish,M,59.44,1.94,1,M,59.39,1.924,2017-04-11T00:00:00Z,2017-05-10T00:00:00Z,,
QUA-1G3O,1G3O,1,QUA,3,3,1,0,1,Killifish,M,42.55,0.65,1,M,43.35,0.687,2017-04-11T00:00:00Z,2017-05-10T00:00:00Z,,
QUA-1R3B,1R3B,1,QUA,3,3,1,0,1,Killifish,M,45.57,0.76,1,M,45.87,0.773,2017-04-11T00:00:00Z,2017-05-10T00:00:00Z,,
QUA-1G5O,1G5O,1,QUA,3,3,1,0,1,Killifish,M,47.96,0.93,1,M,47.96,1.011,2017-04-11T00:00:00Z,2017-05-10T00:00:00Z,,
QUA-1G7O,1G7O,1,QUA,3,3,1,0,1,Killifish,M,38.26,0.44,1,M,39.08,0.506,2017-04-11T00:00:00Z,2017-05-10T00:00:00Z,,
QUA-1R5B,1R5B,1,QUA,3,3,1,0,1,Killifish,M,47.77,0.86,1,M,47.77,0.86,2017-04-11T00:00:00Z,2017-05-10T00:00:00Z,,
QUA-3G5O,3G5O,1,QUA,3,3,1,0,1,Killifish,F,55.26,1.56,1,F,55.42,1.652,2017-04-11T00:00:00Z,2017-05-10T00:00:00Z,,
QUA-3G7O,3G7O,1,QUA,3,3,1,0,1,Killifish,F,53.27,1.33,1,F,53.72,1.325,2017-04-11T00:00:00Z,2017-05-10T00:00:00Z,,
QUA-3R5B,3R5B,1,QUA,3,3,1,0,1,Killifish,M,58.36,1.79,1,M,59.16,1.732,2017-04-11T00:00:00Z,2017-05-10T00:00:00Z,,
QUA-1O5G,1O5G,1,QUA,3,3,1,0,1,Killifish,F,39.48,0.53,1,F,42.04,0.67,2017-04-11T00:00:00Z,2017-05-10T00:00:00Z,,
QUA-3R7B,3R7B,1,QUA,3,3,1,0,1,Killifish,M,49.12,1.08,1,M,45.45,0.754,2017-04-11T00:00:00Z,2017-05-10T00:00:00Z,,
QUA-1O7G,1O7G,1,QUA,3,3,1,0,1,Killifish,M,44.36,0.72,1,M,51.18,1.165,2017-04-11T00:00:00Z,2017-05-10T00:00:00Z,,
QUA-5R7B,5R7B,1,QUA,3,3,1,0,1,Killifish,M,40.97,0.57,1,M,42.73,0.626,2017-04-11T00:00:00Z,2017-05-10T00:00:00Z,,
QUA-3O5G,3O5G,1,QUA,3,3,1,0,1,Killifish,M,44.69,0.78,1,M,45.36,0.82,2017-04-11T00:00:00Z,2017-05-10T00:00:00Z,,
QUA-3O7G,3O7G,1,QUA,3,3,1,0,1,Killifish,F,47.8,0.91,1,F,48.4,1.056,2017-04-11T00:00:00Z,2017-05-10T00:00:00Z,,
QUA-1R3Y,1R3Y,1,QUA,3,3,1,0,1,Killifish,F,58.16,1.71,1,F,58.26,1.786,2017-04-11T00:00:00Z,2017-05-10T00:00:00Z,,
QUA-1R5Y,1R5Y,1,QUA,3,3,1,0,1,Killifish,J,24.62,0.11,1,J,28.53,0.192,2017-04-11T00:00:00Z,2017-05-10T00:00:00Z,,
QUA-1O3O,1O3O,1,QUA,3,3,1,0,1,Killifish,M,54.93,1.58,1,M,55.27,1.607,2017-04-11T00:00:00Z,2017-05-10T00:00:00Z,,
QUA-1R7Y,1R7Y,1,QUA,3,3,1,0,1,Killifish,F,34.33,0.35,1,F,34.72,0.372,2017-04-11T00:00:00Z,2017-05-10T00:00:00Z,,
QUA-3R5Y,3R5Y,1,QUA,3,3,1,0,1,Killifish,F,38.61,0.5,1,F,39.47,0.525,2017-04-11T00:00:00Z,2017-05-10T00:00:00Z,,
QUA-3R7Y,3R7Y,1,QUA,3,3,1,0,1,Killifish,M,38.98,0.49,1,M,39.38,0.64,2017-04-11T00:00:00Z,2017-05-10T00:00:00Z,TWO EYES SPOTS,DEAD
QUA-1O7O,1O7O,1,QUA,3,1,1,0,1,Killifish,M,36.68,0.4,1,M,38.28,0.462,2017-04-11T00:00:00Z,2017-05-10T00:00:00Z,,
QUA-3O5O,3O5O,1,QUA,3,3,1,0,1,Killifish,J,29.46,0.19,1,J,27.22,0.244,2017-04-11T00:00:00Z,2017-05-10T00:00:00Z,,
QUA-3O7O,3O7O,1,QUA,3,3,1,0,1,Killifish,J,26.29,0.15,1,J,30.13,0.233,2017-04-11T00:00:00Z,2017-05-10T00:00:00Z,,
QUA-1Y7B,1Y7B,1,QUA,3,3,1,0,1,Killifish,J,42.19,0.56,1,M,42.86,,2017-04-11T00:00:00Z,2017-05-10T00:00:00Z,,
QUA-3Y5B,3Y5B,1,QUA,3,3,1,0,1,Killifish,F,57.33,1.64,1,F,57.73,1.671,2017-04-11T00:00:00Z,2017-05-10T00:00:00Z,,
QUA-3Y7B,3Y7B,1,QUA,3,3,1,0,1,Killifish,M,55.19,1.43,1,M,55.75,1.555,2017-04-11T00:00:00Z,2017-05-10T00:00:00Z,,
QUA-2R8R,2R8R,1,QUA,3,3,1,0,1,Killifish,J,23.83,0.111,1,J,28.21,0.203,2017-04-11T00:00:00Z,2017-05-10T00:00:00Z,,
QUA-2R,2R,1,QUA,3,3,1,0,1,Killifish,J,16.91,0.033,1,J,20.01,0.069,2017-04-11T00:00:00Z,2017-05-10T00:00:00Z,DEAD,
QUA-3Y,3Y,1,QUA,3,3,1,0,1,Killifish,J,17.12,,1,J,23.56,0.091,2017-04-11T00:00:00Z,2017-05-10T00:00:00Z,,
QUA-1P5O,1P5O,1,QUA,3,,1,0,1,Killifish,M,86.23,6.42,0,,,,2017-04-11T00:00:00Z,2017-05-10T00:00:00Z,,
QUA-3P7O,3P7O,1,QUA,3,,1,0,1,Killifish,F,67.05,2.53,0,,,,2017-04-11T00:00:00Z,2017-05-10T00:00:00Z,,
QUA-5P7O,5P7O,1,QUA,3,,1,0,1,Killifish,M,75.38,4.08,0,,,,2017-04-11T00:00:00Z,2017-05-10T00:00:00Z,,
QUA-1R7B,1R7B,1,QUA,3,,1,0,1,Killifish,M,56.89,1.69,0,,,,2017-04-11T00:00:00Z,2017-05-10T00:00:00Z,,
QUA-5G7O,5G7O,1,QUA,3,,1,0,1,Killifish,M,47.36,0.96,0,,,,2017-04-11T00:00:00Z,2017-05-10T00:00:00Z,,
QUA-1O3G,1O3G,1,QUA,3,,1,0,1,Killifish,M,58.54,1.74,0,,,,2017-04-11T00:00:00Z,2017-05-10T00:00:00Z,,
QUA-5O7G,5O7G,1,QUA,3,,1,0,1,Killifish,M,49.39,1.08,0,,,,2017-04-11T00:00:00Z,2017-05-10T00:00:00Z,,
QUA-1O5O,1O5O,1,QUA,3,,1,0,1,Killifish,M,42.5,0.62,0,,,,2017-04-11T00:00:00Z,2017-05-10T00:00:00Z,,
QUA-1Y3B,1Y3B,1,QUA,3,,1,0,1,Killifish,J,23.59,0.11,0,,,,2017-04-11T00:00:00Z,2017-05-10T00:00:00Z,,
QUA-1B,1B,1,QUA,3,,1,0,1,Killifish,J,14.15,0.02,0,,,,2017-04-11T00:00:00Z,2017-05-10T00:00:00Z,DEAD,
QUA-3O,3O,1,QUA,3,,1,0,1,Killifish,J,13.5,0.03,0,,,,2017-04-11T00:00:00Z,2017-05-10T00:00:00Z,DEAD,
QUA-2B,2B,1,QUA,3,,1,0,1,Killifish,J,15.37,0.03,0,,,,2017-04-11T00:00:00Z,2017-05-10T00:00:00Z,,
QUA-4B,4B,1,QUA,3,,1,0,1,Killifish,J,12.25,0.02,0,,,,2017-04-11T00:00:00Z,2017-05-10T00:00:00Z,DEAD,
QUA-2P,2P,1,QUA,3,,1,0,1,Killifish,J,17.66,0.04,0,,,,2017-04-11T00:00:00Z,2017-05-10T00:00:00Z,,
QUA-4P,4P,1,QUA,3,,1,0,1,Killifish,J,19.1,0.05,0,,,,2017-04-11T00:00:00Z,2017-05-10T00:00:00Z,,
QUA-2R4R,2R4R,1,QUA,3,,1,0,1,Killifish,J,55.97,1.42,0,,,,2017-04-11T00:00:00Z,2017-05-10T00:00:00Z,,
QUA-1Y5B,1Y5B,1,QUA,3,,1,0,1,Killifish,F,41.3,0.57,0,,,,2017-04-11T00:00:00Z,2017-05-10T00:00:00Z,,
QUA-2R6R,2R6R,1,QUA,3,,1,0,1,Killifish,F,39.25,0.46,0,,,,2017-04-11T00:00:00Z,2017-05-10T00:00:00Z,,
QUA-4R6R,4R6R,1,QUA,3,,1,0,1,Killifish,J,20.7,0.067,0,,,,2017-04-11T00:00:00Z,2017-05-10T00:00:00Z,,
QUA-1V,1V,1,QUA,3,,1,0,1,Killifish,J,22.04,0.08,0,,,,2017-04-11T00:00:00Z,2017-05-10T00:00:00Z,,
QUA-3V,3V,1,QUA,3,,1,0,1,Killifish,J,17.88,0.048,0,,,,2017-04-11T00:00:00Z,2017-05-10T00:00:00Z,,
QUA-2V,2V,1,QUA,3,,1,0,1,Killifish,J,15.71,0.03,0,,,,2017-04-11T00:00:00Z,2017-05-10T00:00:00Z,DEAD,
QUA-4V,4V,1,QUA,3,,1,0,1,Killifish,J,18.5,0.054,0,,,,2017-04-11T00:00:00Z,2017-05-10T00:00:00Z,,
QUA-4R8R,4R8R,1,QUA,3,,1,0,1,Killifish,J,22.98,0.109,0,,,,2017-04-11T00:00:00Z,2017-05-10T00:00:00Z,,
QUA-,,0,QUA,3,,1,0,1,Killifish,J,10.96,0.006,,,,,2017-04-11T00:00:00Z,2017-05-10T00:00:00Z,,
QUA-,,0,QUA,3,,1,0,1,Killifish,J,9.62,0.035,,,,,2017-04-11T00:00:00Z,2017-05-10T00:00:00Z,,
QUA-,,0,QUA,3,,1,0,1,Killifish,J,14.51,,,,,,2017-04-11T00:00:00Z,2017-05-10T00:00:00Z,,
QUA-,,0,QUA,3,,1,0,1,Killifish,J,11.3,,,,,,2017-04-11T00:00:00Z,2017-05-10T00:00:00Z,,
QUA-,,0,QUA,3,,1,0,1,Killifish,J,12.73,,,,,,2017-04-11T00:00:00Z,2017-05-10T00:00:00Z,,
QUA-,,0,QUA,3,,1,0,1,Killifish,J,11.49,,,,,,2017-04-11T00:00:00Z,2017-05-10T00:00:00Z,,
QUA-,,0,QUA,3,,1,0,1,Killifish,J,15.16,,,,,,2017-04-11T00:00:00Z,2017-05-10T00:00:00Z,,
QUA-,,0,QUA,3,,1,0,1,Killifish,J,14.94,,,,,,2017-04-11T00:00:00Z,2017-05-10T00:00:00Z,,
QUA-,,0,QUA,3,,1,0,1,Killifish,J,14.75,,,,,,2017-04-11T00:00:00Z,2017-05-10T00:00:00Z,,
QUA-527,,0,QUA,3,3,1,0,1,Killifish,M,,,,M,73.95,3.117,2017-04-11T00:00:00Z,2017-05-10T00:00:00Z,,
QUA-528,,0,QUA,3,3,1,0,1,Killifish,F,,,,F,68.75,2.892,2017-04-11T00:00:00Z,2017-05-10T00:00:00Z,,
QUA-529,,0,QUA,3,3,1,0,1,Killifish,F,,,,F,65.5,2.357,2017-04-11T00:00:00Z,2017-05-10T00:00:00Z,,
QUA-530,,0,QUA,3,3,1,0,1,Killifish,M,,,,M,65.29,2.265,2017-04-11T00:00:00Z,2017-05-10T00:00:00Z,,
QUA-531,,0,QUA,3,3,1,0,1,Killifish,F,,,,F,44.45,0.05,2017-04-11T00:00:00Z,2017-05-10T00:00:00Z,,
QUA-532,,0,QUA,3,3,1,0,1,Killifish,M,,,,M,57.42,0.016,2017-04-11T00:00:00Z,2017-05-10T00:00:00Z,,
QUA-533,,0,QUA,3,3,1,0,1,Killifish,M,,,,M,47.1,0.033,2017-04-11T00:00:00Z,2017-05-10T00:00:00Z,,
QUA-534,,0,QUA,3,3,1,0,1,Killifish,F,,,,F,58.05,1.758,2017-04-11T00:00:00Z,2017-05-10T00:00:00Z,,
QUA-535,,0,QUA,3,3,1,0,1,Killifish,F,,,,F,61.91,2.262,2017-04-11T00:00:00Z,2017-05-10T00:00:00Z,,
QUA-537,,0,QUA,3,3,1,0,1,Killifish,M,,,,M,46.85,0.898,2017-04-11T00:00:00Z,2017-05-10T00:00:00Z,,
QUA-538,,0,QUA,3,3,1,0,1,Killifish,F,,,,F,41.77,0.632,2017-04-11T00:00:00Z,2017-05-10T00:00:00Z,,
QUA-539,,0,QUA,3,3,1,0,1,Killifish,M,,,,M,53.72,1.597,2017-04-11T00:00:00Z,2017-05-10T00:00:00Z,,
QUA-540,,0,QUA,3,3,1,0,1,Killifish,F,,,,F,28.33,0.202,2017-04-11T00:00:00Z,2017-05-10T00:00:00Z,,
QUA-541,,0,QUA,3,3,1,0,1,Killifish,J,,,,J,17.76,0.05,2017-04-11T00:00:00Z,2017-05-10T00:00:00Z,,
QUA-542,,0,QUA,3,3,1,0,1,Killifish,J,,,,J,11.66,0.016,2017-04-11T00:00:00Z,2017-05-10T00:00:00Z,,
QUA-543,,0,QUA,3,3,1,0,1,Killifish,J,,,,J,16.25,0.033,2017-04-11T00:00:00Z,2017-05-10T00:00:00Z,,
QUA-544,,0,QUA,3,3,1,0,1,Killifish,J,,,,J,22.28,0.086,2017-04-11T00:00:00Z,2017-05-10T00:00:00Z,,
QUA-545,,0,QUA,3,3,1,0,1,Killifish,J,,,,J,18.21,0.049,2017-04-11T00:00:00Z,2017-05-10T00:00:00Z,,
QUA-546,,0,QUA,3,3,1,0,1,Killifish,J,,,,J,18.5,0.053,2017-04-11T00:00:00Z,2017-05-10T00:00:00Z,,
QUA-547,,0,QUA,3,3,1,0,1,Killifish,J,,,,J,19.48,0.06,2017-04-11T00:00:00Z,2017-05-10T00:00:00Z,,
QUA-548,,0,QUA,3,3,1,0,1,Killifish,J,,,,J,29.21,0.221,2017-04-11T00:00:00Z,2017-05-10T00:00:00Z,,
QUA-549,,0,QUA,3,3,1,0,1,Killifish,J,,,,J,27.22,0.166,2017-04-11T00:00:00Z,2017-05-10T00:00:00Z,,
QUA-550,,0,QUA,3,3,1,0,1,Killifish,J,,,,J,20.79,0.076,2017-04-11T00:00:00Z,2017-05-10T00:00:00Z,,
QUA-551,,0,QUA,3,3,1,0,1,Killifish,J,,,,J,21.1,0.083,2017-04-11T00:00:00Z,2017-05-10T00:00:00Z,,
QUA-552,,0,QUA,3,3,1,0,1,Killifish,J,,,,J,25.72,0.141,2017-04-11T00:00:00Z,2017-05-10T00:00:00Z,,
QUA-553,,0,QUA,3,3,1,0,1,Killifish,J,,,,J,26.35,0.148,2017-04-11T00:00:00Z,2017-05-10T00:00:00Z,,
QUA-554,,0,QUA,3,3,1,0,1,Killifish,J,,,,J,23.07,0.101,2017-04-11T00:00:00Z,2017-05-10T00:00:00Z,,
QUA-555,,0,QUA,3,3,1,0,1,Killifish,J,,,,J,27.15,0.161,2017-04-11T00:00:00Z,2017-05-10T00:00:00Z,,
QUA-556,,0,QUA,3,3,1,0,1,Killifish,J,,,,J,18.15,0.063,2017-04-11T00:00:00Z,2017-05-10T00:00:00Z,,
QUA-557,,0,QUA,3,3,1,0,1,Killifish,J,,,,J,18.7,0.059,2017-04-11T00:00:00Z,2017-05-10T00:00:00Z,,
QUA-558,,0,QUA,3,3,1,0,1,Killifish,J,,,,J,21.59,0.93,2017-04-11T00:00:00Z,2017-05-10T00:00:00Z,,
QUA-559,,0,QUA,3,3,1,0,1,Killifish,J,,,,J,16.56,0.04,2017-04-11T00:00:00Z,2017-05-10T00:00:00Z,,
QUA-560,,0,QUA,3,3,1,0,1,Killifish,J,,,,J,23.56,0.102,2017-04-11T00:00:00Z,2017-05-10T00:00:00Z,,
QUA-561,,0,QUA,3,3,1,0,1,Killifish,J,,,,J,29.86,0.231,2017-04-11T00:00:00Z,2017-05-10T00:00:00Z,,
QUA-562,,0,QUA,3,3,1,0,1,Killifish,J,,,,J,22.07,0.09,2017-04-11T00:00:00Z,2017-05-10T00:00:00Z,,
QUA-563,,0,QUA,3,3,1,0,1,Killifish,J,,,,J,26.95,0.158,2017-04-11T00:00:00Z,2017-05-10T00:00:00Z,,
QUA-564,,0,QUA,3,3,1,0,1,Killifish,J,,,,J,25.28,0.135,2017-04-11T00:00:00Z,2017-05-10T00:00:00Z,,
QUA-565,,0,QUA,3,3,1,0,1,Killifish,J,,,,J,20.51,0.066,2017-04-11T00:00:00Z,2017-05-10T00:00:00Z,,
QUA-566,,0,QUA,3,3,1,0,1,Killifish,J,,,,J,18.72,0.06,2017-04-11T00:00:00Z,2017-05-10T00:00:00Z,,
QUA-567,,0,QUA,3,3,1,0,1,Killifish,J,,,,J,15.16,0.03,2017-04-11T00:00:00Z,2017-05-10T00:00:00Z,,
QUA-568,,0,QUA,3,3,1,0,1,Killifish,J,,,,J,23.97,0.114,2017-04-11T00:00:00Z,2017-05-10T00:00:00Z,,
QUA-569,,0,QUA,3,3,1,0,1,Killifish,J,,,,J,22.75,0.088,2017-04-11T00:00:00Z,2017-05-10T00:00:00Z,,
QUA-570,,0,QUA,3,3,1,0,1,Killifish,J,,,,J,21.61,0.075,2017-04-11T00:00:00Z,2017-05-10T00:00:00Z,,
QUA-571,,0,QUA,3,3,1,0,1,Killifish,J,,,,J,29.37,0.216,2017-04-11T00:00:00Z,2017-05-10T00:00:00Z,,
QUA-572,,0,QUA,3,3,1,0,1,Killifish,J,,,,J,24.86,0.131,2017-04-11T00:00:00Z,2017-05-10T00:00:00Z,,
QUA-573,,0,QUA,3,3,1,0,1,Killifish,J,,,,J,21.12,0.08,2017-04-11T00:00:00Z,2017-05-10T00:00:00Z,,
QUA-574,,0,QUA,3,3,1,0,1,Killifish,J,,,,J,21.41,0.081,2017-04-11T00:00:00Z,2017-05-10T00:00:00Z,,
QUA-575,,0,QUA,3,3,1,0,1,Killifish,J,,,,J,22.07,0.09,2017-04-11T00:00:00Z,2017-05-10T00:00:00Z,,
QUA-576,,0,QUA,3,3,1,0,1,Killifish,J,,,,J,18.33,0.05,2017-04-11T00:00:00Z,2017-05-10T00:00:00Z,,
QUA-577,,0,QUA,3,3,1,0,1,Killifish,J,,,,J,23.9,0.107,2017-04-11T00:00:00Z,2017-05-10T00:00:00Z,,
QUA-578,,0,QUA,3,3,1,0,1,Killifish,J,,,,J,16.55,0.045,2017-04-11T00:00:00Z,2017-05-10T00:00:00Z,,
QUA-579,,0,QUA,3,3,1,0,1,Killifish,J,,,,J,22.92,0.105,2017-04-11T00:00:00Z,2017-05-10T00:00:00Z,,
QUA-580,,0,QUA,3,3,1,0,1,Killifish,J,,,,J,19.11,0.058,2017-04-11T00:00:00Z,2017-05-10T00:00:00Z,,
QUA-581,,0,QUA,3,3,1,0,1,Killifish,J,,,,J,17.11,0.041,2017-04-11T00:00:00Z,2017-05-10T00:00:00Z,,
QUA-582,,0,QUA,3,3,1,0,1,Killifish,J,,,,J,15.57,0.026,2017-04-11T00:00:00Z,2017-05-10T00:00:00Z,,
QUA-583,,0,QUA,3,3,1,0,1,Killifish,J,,,,J,23.62,0.107,2017-04-11T00:00:00Z,2017-05-10T00:00:00Z,,
QUA-584,,0,QUA,3,3,1,0,1,Killifish,J,,,,J,17.04,0.047,2017-04-11T00:00:00Z,2017-05-10T00:00:00Z,,
QUA-585,,0,QUA,3,3,1,0,1,Killifish,J,,,,J,23.01,0.101,2017-04-11T00:00:00Z,2017-05-10T00:00:00Z,,
QUA-586,,0,QUA,3,3,1,0,1,Killifish,J,,,,J,20.42,0.072,2017-04-11T00:00:00Z,2017-05-10T00:00:00Z,,
QUA-587,,0,QUA,3,3,1,0,1,Killifish,J,,,,J,23.1,0.091,2017-04-11T00:00:00Z,2017-05-10T00:00:00Z,,
QUA-588,,0,QUA,3,3,1,0,1,Killifish,J,,,,J,18.68,0.052,2017-04-11T00:00:00Z,2017-05-10T00:00:00Z,,
QUA-589,,0,QUA,3,3,1,0,1,Killifish,J,,,,J,14.31,0.024,2017-04-11T00:00:00Z,2017-05-10T00:00:00Z,,
QUA-590,,0,QUA,3,3,1,0,1,Killifish,J,,,,J,21.92,0.081,2017-04-11T00:00:00Z,2017-05-10T00:00:00Z,,
QUA-591,,0,QUA,3,3,1,0,1,Killifish,J,,,,J,22.72,0.102,2017-04-11T00:00:00Z,2017-05-10T00:00:00Z,,
QUA-592,,0,QUA,3,3,1,0,1,Killifish,J,,,,J,45.08,0.88,2017-04-11T00:00:00Z,2017-05-10T00:00:00Z,,
QUA-593,,0,QUA,3,3,1,0,1,Killifish,J,,,,J,17.66,0.048,2017-04-11T00:00:00Z,2017-05-10T00:00:00Z,,
QUA-594,,0,QUA,3,3,1,0,1,Killifish,J,,,,J,12.86,0.02,2017-04-11T00:00:00Z,2017-05-10T00:00:00Z,,
QUA-595,,0,QUA,3,3,1,0,1,Killifish,J,,,,J,23.66,0.109,2017-04-11T00:00:00Z,2017-05-10T00:00:00Z,,
QUA-596,,0,QUA,3,3,1,0,1,Killifish,J,,,,J,16.2,0.038,2017-04-11T00:00:00Z,2017-05-10T00:00:00Z,,
QUA-597,,0,QUA,3,3,1,0,1,Killifish,J,,,,J,23.56,0.113,2017-04-11T00:00:00Z,2017-05-10T00:00:00Z,,
QUA-598,,0,QUA,3,3,1,0,1,Killifish,J,,,,J,16.19,0.037,2017-04-11T00:00:00Z,2017-05-10T00:00:00Z,,
QUA-599,,0,QUA,3,3,1,0,1,Killifish,M,,,,M,44.59,1.756,2017-04-11T00:00:00Z,2017-05-10T00:00:00Z,,
QUA-600,,0,QUA,3,3,1,0,1,Killifish,M,,,,M,47.73,1.034,2017-04-11T00:00:00Z,2017-05-10T00:00:00Z,,
QUA-601,,0,QUA,3,3,1,0,1,Killifish,J,,,,J,25.4,0.133,2017-04-11T00:00:00Z,2017-05-10T00:00:00Z,,
QUA-602,,0,QUA,3,3,1,0,1,Killifish,J,,,,J,24.53,0.133,2017-04-11T00:00:00Z,2017-05-10T00:00:00Z,,
QUA2-1O3B9R,1O3B9R,1,QUA2,3,3,0,0,1,Killifish,M,44.85,1.379,1,M,44.85,1.352,2019-03-21T00:00:00Z,2019-04-17T00:00:00Z,,
QUA2-1R3R9R,1R3R9R,1,QUA2,3,3,0,0,1,Killifish,M,53.65,2.376,1,M,54.17,2.484,2019-03-21T00:00:00Z,2019-04-17T00:00:00Z,,
QUA2-1R3R4R9R,1R3R4R9R,1,QUA2,3,3,0,0,1,Killifish,F,40.6,0.984,1,F,41.33,1.084,2019-03-21T00:00:00Z,2019-04-17T00:00:00Z,,
QUA2-1R6R9R,1R6R9R,1,QUA2,3,3,0,0,1,Killifish,M,51.2,2.159,0,,,,2019-03-21T00:00:00Z,2019-04-17T00:00:00Z,,
QUA2-1R3Y9R,1R3Y9R,1,QUA2,3,3,0,0,1,Killifish,F,45.86,1.4,1,F,46.51,1.541,2019-03-21T00:00:00Z,2019-04-17T00:00:00Z,,
QUA2-1R8R9R,1R8R9R,1,QUA2,3,3,0,0,1,Killifish,M,35.23,0.624,1,M,36.15,0.676,2019-03-21T00:00:00Z,2019-04-17T00:00:00Z,,
QUA2-1R8B9R,1R8B9R,1,QUA2,3,3,0,0,1,Killifish,J,27.28,0.292,1,F,28.89,0.34,2019-03-21T00:00:00Z,2019-04-17T00:00:00Z,,
QUA2-1O3Y9R,1O3Y9R,1,QUA2,3,3,0,0,1,Killifish,M,68.74,5.096,0,,,,2019-03-21T00:00:00Z,2019-04-17T00:00:00Z,,
QUA2-1Y3O9R,1Y3O9R,1,QUA2,3,3,0,0,1,Killifish,F,27.35,0.296,1,F,28.98,0.347,2019-03-21T00:00:00Z,2019-04-17T00:00:00Z,,
QUA2-2O3O9R,2O3O9R,1,QUA2,3,3,0,0,1,Killifish,J,24.03,0.196,1,J,25.19,0.225,2019-03-21T00:00:00Z,2019-04-17T00:00:00Z,,
QUA2-2O3R9R,2O3R9R,1,QUA2,3,3,0,0,1,Killifish,J,16.42,0.059,1,J,18.32,0.088,2019-03-21T00:00:00Z,2019-04-17T00:00:00Z,,
QUA2-1R3O9R,1R3O9R,1,QUA2,3,3,0,0,1,Killifish,J,17.02,0.07,1,J,20,0.115,2019-03-21T00:00:00Z,2019-04-17T00:00:00Z,,
QUA2-2O3B9R,2O3B9R,1,QUA2,3,3,0,0,1,Killifish,J,18.64,0.094,1,J,34.57,0.56,2019-03-21T00:00:00Z,2019-04-17T00:00:00Z,,
QUA2-1O4O9R,1O4O9R,1,QUA2,3,3,0,0,1,Killifish,J,17.87,0.085,1,J,20.93,0.131,2019-03-21T00:00:00Z,2019-04-17T00:00:00Z,,
QUA2-2O3Y,2O3Y,1,QUA2,3,3,0,0,1,Killifish,J,11.44,0.027,0,,,,2019-03-21T00:00:00Z,2019-04-17T00:00:00Z,,
QUA2-1B4O,1B4O,1,QUA2,3,3,0,0,1,Killifish,J,17.62,0.076,0,,,,2019-03-21T00:00:00Z,2019-04-17T00:00:00Z,,
QUA2-1O4R9R,1O4R9R,1,QUA2,3,3,0,0,1,Killifish,J,19.37,0.102,0,,,,2019-03-21T00:00:00Z,2019-04-17T00:00:00Z,,
QUA2-2R8R,2R8R,1,QUA2,3,3,0,0,1,Killifish,J,16.12,0.067,1,J,19.71,0.117,2019-03-21T00:00:00Z,2019-04-17T00:00:00Z,,
QUA2-1B3Y,1B3Y,1,QUA2,3,3,0,0,1,Killifish,J,15.67,0.051,0,,,,2019-03-21T00:00:00Z,2019-04-17T00:00:00Z,,
QUA2-1R6O,1R6O,1,QUA2,3,3,0,0,1,Killifish,J,19.06,0.096,0,,,,2019-03-21T00:00:00Z,2019-04-17T00:00:00Z,,
QUA2-1O6O,1O6O,1,QUA2,3,3,0,0,1,Killifish,J,21.81,0.166,1,J,23.85,0.21,2019-03-21T00:00:00Z,2019-04-17T00:00:00Z,,
QUA2-1O4B,1O4B,1,QUA2,3,3,0,0,1,Killifish,J,20.78,0.12,1,J,24.29,0.212,2019-03-21T00:00:00Z,2019-04-17T00:00:00Z,,
QUA2-1O6B,1O6B,1,QUA2,3,3,0,0,1,Killifish,J,16.53,0.068,1,J,21.72,0.135,2019-03-21T00:00:00Z,2019-04-17T00:00:00Z,,
QUA2-1O4Y,1O4Y,1,QUA2,3,3,0,0,1,Killifish,J,18.29,0.092,0,,,,2019-03-21T00:00:00Z,2019-04-17T00:00:00Z,,
QUA2-2O4O,2O4O,1,QUA2,3,3,0,0,1,Killifish,J,16.56,0.057,1,J,20.14,0.106,2019-03-21T00:00:00Z,2019-04-17T00:00:00Z,,
QUA2-1O8O9B,1O8O9B,1,QUA2,1,3,1,0,0,Killifish,M,69.26,6.237,0,M,,,2019-03-21T00:00:00Z,2019-04-17T00:00:00Z,,
QUA2-1O6R9B,1O6R9B,1,QUA2,1,3,1,0,0,Killifish,M,61.78,4.035,1,M,62.77,4.762,2019-03-21T00:00:00Z,2019-04-17T00:00:00Z,,
QUA2-2O6O9B,2O6O9B,1,QUA2,1,3,1,0,0,Killifish,M,56.79,2.854,1,M,58.28,3.193,2019-03-21T00:00:00Z,2019-04-17T00:00:00Z,,
QUA2-2O6Y9O,2O6Y9O,1,QUA2,1,3,1,0,0,Killifish,F,52.37,2.143,1,F,53.38,2.205,2019-03-21T00:00:00Z,2019-04-17T00:00:00Z,,
QUA2-2O4R9O,2O4R9O,1,QUA2,1,3,1,0,0,Killifish,F,26.73,0.273,0,F,,,2019-03-21T00:00:00Z,2019-04-17T00:00:00Z,,
QUA2-2O6R9B,2O6R9B,1,QUA2,1,3,1,0,0,Killifish,J,20.93,0.121,1,J,22.75,0.178,2019-03-21T00:00:00Z,2019-04-17T00:00:00Z,,
QUA2-2O4Y9B,2O4Y9B,1,QUA2,1,3,1,0,0,Killifish,J,22.15,0.172,1,J,24.21,0.201,2019-03-21T00:00:00Z,2019-04-17T00:00:00Z,,
QUA2-2R3O,2R3O,1,QUA2,1,3,1,0,0,Killifish,J,18.16,0.08,1,J,20.86,0.124,2019-03-21T00:00:00Z,2019-04-17T00:00:00Z,,
QUA2-1R,1R,1,QUA2,1,3,1,0,0,Killifish,J,12.46,0.027,1,J,15.76,0.058,2019-03-21T00:00:00Z,2019-04-17T00:00:00Z,,
QUA2-1Y,1Y,1,QUA2,1,3,1,0,0,Killifish,J,11.8,0.023,0,,,,2019-03-21T00:00:00Z,2019-04-17T00:00:00Z,,
QUA2-3B,3B,1,QUA2,1,3,1,0,0,Killifish,J,17.02,0.063,0,,,,2019-03-21T00:00:00Z,2019-04-17T00:00:00Z,,
QUA2-2Y3O9B,2Y3O9B,1,QUA2,1,3,1,0,0,Killifish,M,71.12,6.35,0,,,,2019-03-21T00:00:00Z,2019-04-17T00:00:00Z,,
QUA2-2B4O9B,2B4O9B,1,QUA2,1,3,1,0,0,Killifish,M,38.78,0.778,1,M,38.77,0.778,2019-03-21T00:00:00Z,2019-04-17T00:00:00Z,,
QUA2-2O6B9B,2O6B9B,1,QUA2,1,3,1,0,0,Killifish,F,37.09,0.699,0,,,,2019-03-21T00:00:00Z,2019-04-17T00:00:00Z,,
QUA2-2O6Y9B,2O6Y9B,1,QUA2,1,3,1,0,0,Killifish,M,37.77,0.797,0,,,,2019-03-21T00:00:00Z,2019-04-17T00:00:00Z,,
QUA2-1O8R9B,1O8R9B,1,QUA2,1,3,1,0,0,Killifish,F,34.46,0.612,0,,,,2019-03-21T00:00:00Z,2019-04-17T00:00:00Z,,
QUA2-1O8Y9B,1O8Y9B,1,QUA2,1,3,1,0,0,Killifish,F,30.01,0.374,1,F,31.45,0.432,2019-03-21T00:00:00Z,2019-04-17T00:00:00Z,,
QUA2-1R4O9B,1R4O9B,1,QUA2,1,3,1,0,0,Killifish,F,27.4,0.275,0,,,,2019-03-21T00:00:00Z,2019-04-17T00:00:00Z,,
QUA2-1O8B9B,1O8B9B,1,QUA2,1,3,1,0,0,Killifish,M,39.83,0.923,1,M,41.41,1.105,2019-03-21T00:00:00Z,2019-04-17T00:00:00Z,,
QUA2-1Y4O9B,1Y4O9B,1,QUA2,1,3,1,0,0,Killifish,F,34.1,0.608,1,F,35.6,0.679,2019-03-21T00:00:00Z,2019-04-17T00:00:00Z,,
QUA2-1R3B9B,1R3B9B,1,QUA2,1,3,1,0,0,Killifish,J,26.19,0.241,1,M,26.4,0.274,2019-03-21T00:00:00Z,2019-04-17T00:00:00Z,,
QUA2-5O6B9B,5O6B9B,1,QUA2,1,3,1,0,0,Killifish,F,26.86,0.281,0,,,,2019-03-21T00:00:00Z,2019-04-17T00:00:00Z,,
QUA2-5R6R9B,5R6R9B,1,QUA2,1,3,1,0,0,Killifish,M,29.05,0.345,1,M,29.67,0.395,2019-03-21T00:00:00Z,2019-04-17T00:00:00Z,,
QUA2-5O8O9B,5O8O9B,1,QUA2,1,3,1,0,0,Killifish,F,24.45,0.185,0,,,,2019-03-21T00:00:00Z,2019-04-17T00:00:00Z,,
QUA2-5O8B9B,5O8B9B,1,QUA2,1,3,1,0,0,Killifish,F,24.33,0.204,1,F,24.93,0.232,2019-03-21T00:00:00Z,2019-04-17T00:00:00Z,,
QUA2-1R4B9B,1R4B9B,1,QUA2,1,3,1,0,0,Killifish,M,35.55,0.649,0,,,,2019-03-21T00:00:00Z,2019-04-17T00:00:00Z,,
QUA2-2B6O9B,2B6O9B,1,QUA2,1,3,1,0,0,Killifish,J,22.95,0.157,1,J,22.8,0.171,2019-03-21T00:00:00Z,2019-04-17T00:00:00Z,,
QUA2-5Y6O9B,5Y6O9B,1,QUA2,1,3,1,0,0,Killifish,M,33.42,0.549,1,M,34.01,0.585,2019-03-21T00:00:00Z,2019-04-17T00:00:00Z,,
QUA2-2R6O9B,2R6O9B,1,QUA2,1,3,1,0,0,Killifish,F,36.43,0.658,1,F,36.88,0.699,2019-03-21T00:00:00Z,2019-04-17T00:00:00Z,,
QUA2-5B6O9B,5B6O9B,1,QUA2,1,3,1,0,0,Killifish,M,36.41,0.665,0,,,,2019-03-21T00:00:00Z,2019-04-17T00:00:00Z,,
QUA2-5R6O9B,5R6O9B,1,QUA2,1,3,1,0,0,Killifish,J,26.02,0.251,1,J,26.9,,2019-03-21T00:00:00Z,2019-04-17T00:00:00Z,,
QUA2-1R4Y,1R4Y,1,QUA2,1,3,1,0,0,Killifish,J,23.32,0.175,1,J,21.94,0.158,2019-03-21T00:00:00Z,2019-04-17T00:00:00Z,,
QUA2-1R6B,1R6B,1,QUA2,1,3,1,0,0,Killifish,J,18.78,0.101,1,J,20.97,0.129,2019-03-21T00:00:00Z,2019-04-17T00:00:00Z,,
QUA2-1R6Y,1R6Y,1,QUA2,1,3,1,0,0,Killifish,J,17.99,0.08,1,J,20.02,0.123,2019-03-21T00:00:00Z,2019-04-17T00:00:00Z,,
QUA2-1R8Y,1R8Y,1,QUA2,1,3,1,0,0,Killifish,J,19.26,0.121,0,J,,,2019-03-21T00:00:00Z,2019-04-17T00:00:00Z,,
QUA2-2R3R,2R3R,1,QUA2,1,3,1,0,0,Killifish,J,15.56,0.062,1,J,18.92,0.102,2019-03-21T00:00:00Z,2019-04-17T00:00:00Z,,
QUA2-2R4R,2R4R,1,QUA2,1,3,1,0,0,Killifish,J,20.96,0.153,0,J,,,2019-03-21T00:00:00Z,2019-04-17T00:00:00Z,,
QUA2-2R6R,2R6R,1,QUA2,1,3,1,0,0,Killifish,J,20.19,0.119,1,J,21.14,0.142,2019-03-21T00:00:00Z,2019-04-17T00:00:00Z,,
QUA2-1Y3R,1Y3R,1,QUA2,1,3,1,0,0,Killifish,J,16.63,0.071,1,J,20.87,0.128,2019-03-21T00:00:00Z,2019-04-17T00:00:00Z,,
QUA2-3R,3R,1,QUA2,1,3,1,0,0,Killifish,J,15.01,0.07,1,J,19.42,0.094,2019-03-21T00:00:00Z,2019-04-17T00:00:00Z,,
QUA2-5R,5R,1,QUA2,1,3,1,0,0,Killifish,J,12.6,0.036,1,J,17.18,0.076,2019-03-21T00:00:00Z,2019-04-17T00:00:00Z,,
QUA2-5Y,5Y,1,QUA2,1,3,1,0,0,Killifish,J,12.64,0.03,0,J,,,2019-03-21T00:00:00Z,2019-04-17T00:00:00Z,,
QUA2-1B,1B,1,QUA2,1,3,1,0,0,Killifish,J,16.05,0.066,1,J,18.42,0.088,2019-03-21T00:00:00Z,2019-04-17T00:00:00Z,,
QUA2-1Y3B,1Y3B,1,QUA2,1,3,1,0,0,Killifish,J,22.59,0.158,1,J,25.13,0.237,2019-03-21T00:00:00Z,2019-04-17T00:00:00Z,,
QUA2-1B4Y,1B4Y,1,QUA2,1,3,1,0,0,Killifish,J,18.19,0.074,0,J,,,2019-03-21T00:00:00Z,2019-04-17T00:00:00Z,,
QUA2-1B3B,1B3B,1,QUA2,1,3,1,0,0,Killifish,J,17.1,0.068,1,J,19.98,0.111,2019-03-21T00:00:00Z,2019-04-17T00:00:00Z,,
QUA2-1B9B,1B9B,1,QUA2,1,3,1,0,0,Killifish,J,12.06,0.033,1,J,16.41,0.059,2019-03-21T00:00:00Z,2019-04-17T00:00:00Z,,
QUA2-2O,2O,1,QUA2,1,3,1,0,0,Killifish,J,11.54,0.022,0,J,,,2019-03-21T00:00:00Z,2019-04-17T00:00:00Z,,
QUA2-2R,2R,1,QUA2,1,3,1,0,0,Killifish,J,11.81,0.042,0,J,,,2019-03-21T00:00:00Z,2019-04-17T00:00:00Z,,
QUA2-others,others,0,QUA2,2,,0,1,0,Killifish,,,9.76,,,,14.285,2019-03-21T00:00:00Z,2019-04-17T00:00:00Z,,
